rainfall_intensity_mmh,accumulated_rain_2h_mm,elevation_m,depression_depth_m,impervious_percent,upstream_node_surcharge_m3s,pipe_capacity_ratio,road_slope_percent,flood_depth_cm
16.4,21.3,893.5,2.2,94.2,0.0,0.7,0.86,4.1
105.4,210.1,901.5,0.0,68.5,1.04,0.85,2.03,16.3
46.1,134.5,895.7,2.2,85.1,0.0,0.85,0.93,7.9
32.0,57.6,902.5,0.0,65.0,0.0,0.85,5.49,3.2
5.9,26.2,900.2,0.0,71.5,0.0,0.85,0.46,0.0
5.9,25.0,889.0,2.2,75.5,0.0,1.0,2.54,0.0
2.1,25.9,893.0,2.2,66.7,0.0,1.0,2.6,1.3
70.4,102.2,900.8,0.0,75.7,0.0,0.5,1.79,10.6
32.2,73.5,897.6,2.2,65.5,0.0,0.85,3.23,5.0
43.1,46.6,892.9,2.2,79.6,0.7,0.7,0.99,11.4
0.7,10.9,894.5,2.2,83.2,0.0,0.85,4.35,0.0
122.6,141.8,889.4,2.2,62.2,0.0,0.7,1.96,16.0
62.5,146.6,896.6,2.2,90.5,0.47,0.85,3.33,12.3
8.4,23.9,905.8,0.0,66.5,0.0,1.0,3.99,0.9
7.0,34.2,900.2,0.0,67.9,0.0,0.5,4.91,2.4
7.1,49.6,905.8,0.0,83.1,0.0,1.0,4.63,0.0
12.7,21.3,900.5,0.0,76.4,0.0,1.0,3.42,2.2
26.0,38.0,901.1,0.0,77.5,0.47,1.0,2.26,4.5
19.8,32.1,904.9,0.0,64.5,0.0,0.7,2.87,1.5
12.0,43.1,898.5,1.5,88.2,0.0,0.7,4.27,3.1
33.1,59.2,896.3,2.2,81.6,0.0,0.7,4.85,4.3
5.3,40.3,901.1,0.0,64.7,0.0,0.5,0.75,1.9
12.1,52.6,902.8,0.0,73.1,0.0,1.0,2.24,0.4
16.0,46.7,895.1,2.2,88.4,0.31,0.85,4.31,3.6
21.3,46.2,894.1,2.2,79.9,0.0,0.85,2.49,2.0
53.8,73.9,897.6,2.2,63.8,0.74,0.3,1.96,16.2
7.8,18.5,900.3,0.0,73.0,0.0,1.0,2.38,0.4
25.3,86.5,900.2,0.0,68.5,0.0,0.3,3.4,10.4
31.4,83.0,891.3,2.2,78.1,0.0,1.0,5.5,1.7
1.7,8.4,904.6,0.0,89.5,0.0,0.7,2.81,0.0
32.7,65.6,894.4,2.2,75.3,0.64,0.85,1.31,8.6
6.5,23.9,895.9,2.2,75.2,0.06,0.7,1.06,3.8
2.4,26.4,893.4,2.2,91.7,0.0,1.0,0.42,0.9
104.1,150.4,907.8,0.0,80.2,0.0,1.0,3.16,10.7
118.0,150.6,898.0,2.0,79.8,0.51,1.0,3.09,13.9
57.8,90.2,893.6,2.2,69.2,1.14,0.85,1.29,14.4
12.7,25.3,900.5,0.0,81.3,0.11,0.85,3.89,0.0
3.6,22.6,900.1,0.0,80.2,0.0,0.5,4.13,2.1
40.3,91.9,896.2,2.2,73.9,0.0,0.85,1.57,5.8
20.3,44.6,900.4,0.0,94.7,0.0,1.0,2.02,1.3
4.6,36.3,893.7,2.2,90.9,0.0,1.0,5.45,0.3
23.9,62.0,895.0,2.2,86.2,0.0,1.0,2.18,2.4
1.2,27.1,889.0,2.2,78.8,0.0,0.7,4.23,0.0
84.0,113.5,891.7,2.2,76.2,0.0,0.7,2.6,13.9
10.5,58.4,904.2,0.0,66.5,0.0,0.3,4.4,5.4
38.0,54.0,903.6,0.0,70.7,0.0,0.85,4.28,3.6
13.1,41.2,897.3,2.2,87.1,0.0,1.0,3.74,0.8
25.7,38.8,903.7,0.0,75.9,0.0,1.0,4.73,2.5
27.7,42.1,896.4,2.2,90.9,0.0,0.85,5.18,3.6
7.2,30.8,896.0,2.2,65.2,0.0,0.3,3.27,3.0
122.2,250.0,897.2,2.2,77.8,2.0,1.0,1.46,22.6
52.2,72.9,896.5,2.2,82.6,0.0,1.0,2.31,5.4
98.2,195.6,896.1,2.2,78.1,0.39,0.7,4.22,17.7
78.8,138.2,901.6,0.0,91.1,1.03,0.7,3.65,17.8
31.9,51.6,897.6,2.2,94.6,0.0,1.0,1.14,2.7
89.2,154.1,899.8,0.2,64.1,0.0,0.7,0.47,12.7
3.2,35.9,901.1,0.0,64.5,0.0,1.0,3.82,1.0
7.6,21.2,898.6,1.4,64.6,0.0,0.5,1.53,3.4
1.6,37.5,893.1,2.2,83.8,0.0,1.0,2.85,0.0
13.8,56.3,891.6,2.2,73.0,0.0,1.0,4.16,1.7
17.2,58.9,897.6,2.2,85.7,0.0,1.0,3.18,0.5
11.1,42.4,896.3,2.2,74.2,0.0,1.0,0.64,3.1
61.8,81.4,897.3,2.2,82.0,0.0,0.85,1.18,7.4
15.4,52.5,896.9,2.2,86.9,0.0,0.7,1.36,3.4
11.5,21.9,907.3,0.0,79.2,0.0,0.85,1.57,1.9
27.4,73.7,891.7,2.2,78.9,0.0,0.7,3.2,6.0
5.3,9.9,889.0,2.2,63.1,0.0,0.85,2.87,1.2
56.7,118.3,898.3,1.7,74.4,0.0,1.0,1.28,4.9
2.7,11.3,895.5,2.2,79.1,0.03,0.3,0.56,0.9
140.0,250.0,898.3,1.7,76.2,0.0,0.7,1.11,25.8
51.8,78.8,899.3,0.7,91.5,0.0,1.0,5.42,4.4
7.8,29.3,902.1,0.0,91.7,0.0,0.85,2.68,1.0
0.2,25.3,891.0,2.2,88.8,0.0,0.85,4.8,0.0
59.1,132.2,894.8,2.2,73.1,0.37,1.0,4.7,7.1
42.9,108.0,898.7,1.3,85.1,0.93,0.85,2.91,11.6
45.7,67.6,900.1,0.0,73.8,0.0,0.85,3.95,4.3
51.6,78.4,905.8,0.0,68.1,0.53,1.0,1.22,6.7
2.7,29.5,900.8,0.0,72.0,0.0,1.0,3.85,1.9
15.5,50.8,896.8,2.2,62.5,0.0,0.7,1.64,2.7
4.3,36.0,893.4,2.2,71.6,0.0,1.0,4.61,0.4
69.6,116.2,894.7,2.2,76.1,0.46,1.0,0.64,10.4
34.2,98.0,894.6,2.2,93.4,0.36,0.7,4.3,9.5
14.1,35.7,899.6,0.4,71.0,0.0,0.7,0.73,1.8
2.3,24.0,898.0,2.0,91.6,0.0,1.0,4.87,0.0
13.0,43.8,891.7,2.2,68.0,0.0,0.5,1.81,2.4
13.8,18.1,895.3,2.2,66.7,0.0,0.7,3.67,1.8
45.8,91.9,900.5,0.0,78.2,0.23,1.0,2.78,5.0
35.5,91.1,898.4,1.6,83.5,0.54,0.85,2.14,10.1
76.4,87.0,899.3,0.7,61.6,0.52,0.7,3.62,11.5
22.4,27.5,898.5,1.5,67.7,0.0,1.0,5.22,1.1
4.5,13.1,903.5,0.0,75.9,0.0,0.85,0.42,0.0
43.7,82.6,897.9,2.1,71.6,0.2,0.7,5.07,6.4
50.1,107.4,895.5,2.2,84.9,0.71,0.85,3.43,9.7
28.8,51.5,893.3,2.2,77.9,0.0,0.85,4.48,5.3
51.6,90.9,898.0,2.0,65.6,0.0,0.85,2.23,6.2
23.8,64.3,889.0,2.2,91.3,0.0,1.0,2.7,1.9
25.9,62.5,896.3,2.2,70.3,0.0,0.85,4.8,2.2
19.5,32.5,896.2,2.2,85.6,0.0,0.85,2.4,1.7
0.9,10.7,891.5,2.2,87.3,0.0,0.7,3.03,0.0
4.0,42.5,893.3,2.2,93.7,0.0,0.7,0.31,3.5
1.1,1.5,900.2,0.0,77.4,0.0,0.85,1.04,0.0
35.4,64.7,897.9,2.1,81.6,0.0,0.3,3.6,7.4
13.2,52.4,897.4,2.2,71.7,0.0,1.0,4.0,3.4
24.9,54.1,898.2,1.8,83.7,0.0,1.0,3.29,1.1
83.3,102.7,897.4,2.2,76.2,0.64,1.0,0.96,12.4
10.0,13.3,902.0,0.0,75.3,0.0,1.0,2.56,2.0
18.5,37.3,897.5,2.2,89.9,0.0,0.85,2.08,3.1
49.3,69.0,891.2,2.2,61.8,0.0,1.0,2.83,3.3
9.1,54.3,903.5,0.0,90.9,0.0,1.0,4.81,0.0
2.8,22.7,898.5,1.5,89.8,0.0,1.0,4.31,0.0
12.0,48.0,894.6,2.2,77.7,0.0,0.7,0.65,2.3
6.2,42.9,892.0,2.2,77.2,0.0,0.5,4.92,3.2
92.9,139.4,898.6,1.4,72.7,0.44,0.7,2.7,15.4
57.8,118.4,896.5,2.2,94.8,1.07,1.0,4.14,12.1
35.1,66.8,903.3,0.0,63.9,0.0,0.85,0.94,3.2
71.8,102.5,895.6,2.2,80.7,0.0,1.0,3.75,5.3
57.0,122.2,893.7,2.2,83.9,0.98,1.0,1.45,12.3
7.2,17.0,900.6,0.0,92.7,0.0,0.7,2.52,2.5
78.1,177.2,900.7,0.0,87.3,1.41,0.85,0.29,17.8
27.1,51.2,897.7,2.2,82.5,0.0,1.0,1.0,2.9
57.7,136.7,899.7,0.3,64.1,0.51,0.85,0.69,9.4
79.2,92.8,896.8,2.2,73.1,0.0,1.0,1.47,8.9
13.4,36.2,897.9,2.1,64.9,0.0,0.85,0.73,1.2
4.1,43.4,901.7,0.0,90.8,0.0,0.85,3.87,2.6
9.1,26.8,899.5,0.5,86.2,0.0,1.0,0.35,1.3
19.5,42.1,896.3,2.2,86.5,0.0,0.5,3.47,4.5
59.6,50.6,902.4,0.0,82.8,0.0,0.85,0.95,6.6
69.0,150.4,889.0,2.2,77.7,1.19,0.7,5.21,17.3
0.2,13.4,905.2,0.0,65.2,0.0,0.7,5.15,0.0
25.0,79.8,890.2,2.2,71.5,0.0,0.7,1.4,5.9
18.9,46.3,894.5,2.2,64.8,0.0,0.85,3.46,1.4
8.8,27.3,896.8,2.2,85.4,0.0,1.0,0.35,1.7
4.5,33.3,896.4,2.2,65.6,0.0,0.85,5.14,1.2
14.4,25.1,901.0,0.0,84.6,0.0,0.85,2.97,1.4
100.2,112.8,892.8,2.2,84.2,0.78,1.0,0.43,19.1
13.7,49.8,898.0,2.0,76.1,0.0,0.85,2.02,1.6
25.6,88.2,894.7,2.2,64.7,0.0,0.7,0.61,6.4
42.5,61.4,898.2,1.8,71.0,0.0,0.3,2.28,8.8
15.8,45.9,896.7,2.2,71.2,0.0,0.85,3.75,1.5
124.9,141.2,897.4,2.2,84.5,0.0,0.85,2.69,15.3
114.9,168.0,894.8,2.2,64.0,0.56,0.5,2.23,23.0
10.2,26.3,895.0,2.2,89.0,0.0,1.0,0.83,0.0
24.1,66.0,898.1,1.9,86.6,0.0,1.0,1.5,0.7
12.5,28.8,900.8,0.0,66.5,0.0,1.0,0.73,1.5
11.7,59.2,894.6,2.2,85.2,0.0,0.5,4.48,3.5
1.3,30.1,893.5,2.2,83.4,0.0,1.0,0.92,0.0
32.9,78.9,899.5,0.5,86.2,0.0,1.0,3.36,2.8
24.4,43.0,896.9,2.2,66.6,0.0,0.85,2.02,2.5
1.8,20.7,900.3,0.0,65.5,0.0,0.7,1.4,0.0
11.4,49.9,893.4,2.2,68.3,0.0,0.5,3.59,4.2
83.6,187.8,889.9,2.2,72.8,1.42,0.85,2.62,20.1
9.6,17.2,894.9,2.2,87.8,0.0,0.5,2.32,2.3
5.5,49.2,893.9,2.2,85.8,0.0,1.0,3.34,0.3
23.5,60.1,896.7,2.2,92.4,0.0,1.0,2.8,2.4
140.0,128.8,894.5,2.2,62.1,0.77,0.5,1.81,25.9
9.7,43.4,900.0,0.0,60.4,0.0,0.85,3.16,2.4
39.0,70.6,895.8,2.2,84.5,0.0,1.0,3.75,5.5
50.2,94.5,897.6,2.2,69.8,0.0,0.85,0.34,8.4
9.5,28.4,897.6,2.2,71.7,0.0,0.7,2.67,1.0
45.6,117.8,897.8,2.2,79.1,0.67,0.7,0.51,13.8
16.0,53.5,896.9,2.2,63.6,0.0,0.5,1.19,3.7
35.0,69.0,899.0,1.0,82.5,0.0,0.85,3.17,4.9
35.1,55.7,893.8,2.2,71.4,0.0,0.5,4.79,5.6
26.9,50.8,902.6,0.0,82.1,0.0,0.85,4.88,0.0
3.3,33.7,896.1,2.2,89.2,0.0,0.85,0.57,3.5
63.1,91.3,891.8,2.2,66.0,0.9,0.7,2.42,13.4
13.5,61.1,897.8,2.2,92.6,0.0,0.85,3.29,1.9
7.2,25.7,893.6,2.2,78.6,0.0,1.0,0.98,2.5
1.5,11.7,899.7,0.3,92.3,0.0,0.85,4.26,0.0
31.3,54.4,905.8,0.0,67.3,0.27,0.85,4.14,5.7
39.6,64.2,893.9,2.2,81.2,0.0,1.0,4.99,2.8
0.6,36.0,898.3,1.7,74.1,0.0,1.0,0.24,0.0
25.1,60.7,890.0,2.2,87.1,0.0,1.0,1.35,4.5
9.0,38.6,898.8,1.2,81.2,0.11,1.0,4.58,2.3
36.3,63.8,893.5,2.2,77.3,0.17,0.7,3.75,7.4
6.7,27.0,894.5,2.2,92.0,0.0,1.0,4.94,1.0
41.1,82.5,892.6,2.2,73.2,0.48,1.0,0.5,8.5
17.1,53.6,899.9,0.1,67.7,0.0,0.7,3.36,1.8
96.6,194.1,901.0,0.0,81.3,0.0,0.7,3.22,14.5
5.2,27.0,897.1,2.2,81.8,0.0,1.0,0.39,0.0
14.6,36.4,893.5,2.2,75.4,0.18,1.0,2.92,1.0
4.2,20.5,903.4,0.0,77.0,0.0,0.5,3.43,2.0
90.5,201.5,894.0,2.2,93.6,0.0,0.85,1.21,15.9
73.4,114.0,889.0,2.2,85.6,0.4,0.5,1.65,17.0
10.4,27.4,898.8,1.2,63.9,0.0,1.0,3.59,0.5
37.8,97.0,892.6,2.2,67.4,0.45,1.0,2.68,4.6
59.5,148.7,901.0,0.0,94.1,1.09,1.0,4.75,11.6
28.4,53.3,895.5,2.2,85.4,0.0,1.0,2.01,3.7
26.4,43.6,899.4,0.6,92.0,0.0,0.5,1.61,5.9
9.7,32.2,902.6,0.0,70.6,0.0,0.3,5.42,4.0
3.4,29.1,892.2,2.2,86.0,0.0,0.3,5.03,2.2
79.6,141.7,894.7,2.2,85.0,0.87,0.5,0.35,24.6
80.7,172.4,896.7,2.2,70.3,1.08,0.7,4.28,20.0
35.1,46.6,903.2,0.0,79.3,0.0,0.7,0.78,5.1
14.5,51.1,894.4,2.2,82.0,0.0,0.7,0.35,3.7
15.0,34.3,894.6,2.2,76.8,0.0,1.0,1.65,1.1
45.3,102.5,898.9,1.1,89.0,0.0,0.85,1.63,7.4
79.6,168.7,894.7,2.2,89.2,0.0,0.85,4.54,10.3
76.3,198.1,897.6,2.2,89.8,0.32,0.5,3.97,22.4
53.0,100.0,890.8,2.2,88.1,0.0,0.7,5.4,8.4
36.0,74.3,905.9,0.0,77.1,0.0,0.7,3.97,4.2
3.1,10.8,891.6,2.2,73.4,0.0,0.85,2.42,2.1
6.2,28.4,895.7,2.2,89.1,0.08,0.7,3.9,2.3
80.1,163.7,896.9,2.2,77.2,1.65,0.3,5.5,30.0
32.6,106.7,904.7,0.0,68.6,0.0,1.0,3.96,0.6
0.3,8.0,891.7,2.2,77.8,0.0,0.5,4.24,0.0
3.7,17.0,904.9,0.0,65.0,0.0,0.85,5.17,0.2
38.1,61.6,900.0,0.0,84.2,0.0,0.85,0.8,6.0
0.2,15.5,898.7,1.3,71.8,0.0,0.5,3.94,0.0
6.1,45.0,893.1,2.2,69.1,0.0,0.85,4.71,2.8
27.8,40.9,899.3,0.7,93.5,0.12,0.85,5.26,3.8
41.2,81.1,894.1,2.2,87.2,0.0,0.85,1.32,5.0
36.9,76.8,902.1,0.0,87.5,0.59,1.0,2.87,6.0
8.9,35.2,893.1,2.2,81.8,0.0,0.85,3.81,0.2
43.6,101.2,896.5,2.2,89.4,0.0,1.0,1.51,4.0
9.5,36.2,894.8,2.2,86.6,0.0,0.5,3.38,2.3
13.8,40.2,893.0,2.2,81.0,0.0,1.0,1.57,0.0
48.0,72.3,900.0,0.0,93.6,0.0,0.85,1.97,6.9
36.7,89.6,899.1,0.9,66.7,0.0,0.5,2.54,8.3
66.2,113.7,901.8,0.0,93.0,0.3,0.5,3.0,13.8
37.5,85.9,889.9,2.2,74.1,0.0,0.7,2.58,6.8
29.4,67.7,901.3,0.0,78.5,0.0,0.85,2.81,2.5
3.4,12.5,907.0,0.0,64.3,0.0,1.0,1.78,0.0
16.0,29.1,895.2,2.2,78.9,0.0,0.85,1.04,5.3
10.8,50.1,904.6,0.0,81.4,0.0,1.0,0.45,1.0
9.8,59.4,895.9,2.2,94.9,0.0,0.7,1.24,2.8
126.4,146.5,891.5,2.2,94.1,1.5,1.0,3.28,20.0
17.5,20.6,895.8,2.2,93.8,0.0,0.7,4.37,1.0
77.9,118.0,901.2,0.0,72.2,1.03,0.85,1.1,15.1
34.9,73.9,893.6,2.2,94.7,0.0,0.85,0.78,7.5
55.4,56.4,894.6,2.2,75.9,0.9,0.85,4.17,11.8
24.4,70.4,899.4,0.6,89.8,0.0,0.7,1.82,3.7
30.1,44.8,897.0,2.2,67.6,0.55,1.0,5.24,7.0
23.7,57.4,899.3,0.7,77.7,0.0,0.85,3.99,3.3
7.6,22.2,898.0,2.0,93.8,0.0,1.0,1.93,1.5
44.9,84.4,898.9,1.1,93.1,0.0,1.0,1.73,4.8
11.5,44.4,895.3,2.2,83.9,0.0,0.85,2.98,0.4
0.9,36.3,897.9,2.1,87.9,0.0,1.0,0.62,0.0
36.3,93.8,893.3,2.2,66.2,0.41,1.0,0.82,5.8
6.8,28.3,902.2,0.0,85.3,0.0,0.5,1.13,2.9
98.7,236.8,894.5,2.2,81.6,0.56,0.85,4.31,15.1
107.7,245.7,901.5,0.0,63.2,0.0,1.0,2.92,6.0
86.2,165.2,896.1,2.2,64.0,0.0,1.0,0.26,10.8
16.2,35.5,897.8,2.2,63.8,0.0,1.0,3.77,2.0
0.5,11.8,895.0,2.2,85.4,0.0,0.85,2.45,0.0
92.2,103.1,892.9,2.2,65.0,0.73,0.7,2.91,14.5
19.6,60.6,890.0,2.2,76.4,0.0,0.85,1.33,4.6
119.0,198.3,892.8,2.2,72.5,0.0,1.0,3.12,8.8
116.0,164.6,895.7,2.2,79.3,2.0,0.85,5.39,25.8
67.1,169.3,897.8,2.2,84.7,0.84,0.85,0.59,16.2
12.2,59.2,901.0,0.0,84.0,0.0,0.85,1.7,2.2
17.0,71.9,895.2,2.2,78.0,0.0,0.7,1.49,4.7
66.7,93.2,893.5,2.2,76.3,0.53,1.0,1.52,10.1
13.3,59.7,891.2,2.2,73.9,0.0,1.0,2.21,1.9
6.5,20.5,898.9,1.1,90.2,0.0,0.5,4.54,2.2
28.5,52.5,902.5,0.0,71.6,0.0,1.0,5.04,2.6
96.3,103.9,902.1,0.0,69.1,0.0,1.0,1.27,6.5
41.7,55.1,899.8,0.2,86.0,0.0,0.7,3.08,4.1
29.5,70.2,899.6,0.4,72.6,0.0,0.7,3.58,4.9
3.6,24.8,903.8,0.0,89.6,0.0,0.7,2.97,0.7
33.4,42.6,898.3,1.7,71.5,0.0,1.0,2.5,1.6
140.0,250.0,899.6,0.4,84.6,0.0,0.85,1.22,16.0
5.3,35.0,895.7,2.2,61.6,0.0,1.0,2.79,0.6
25.6,30.8,891.6,2.2,73.5,0.0,0.85,2.33,3.1
73.5,141.7,894.3,2.2,72.0,1.08,1.0,4.42,13.3
47.3,60.8,897.0,2.2,88.6,0.0,0.7,4.25,8.0
41.8,76.0,897.2,2.2,93.8,0.0,1.0,0.91,5.7
42.4,75.2,904.7,0.0,76.1,0.0,1.0,0.67,3.4
15.6,35.5,897.3,2.2,88.9,0.0,0.85,5.01,2.2
12.2,25.9,901.7,0.0,84.5,0.0,0.3,3.04,4.0
58.0,103.6,895.3,2.2,93.9,0.33,0.5,4.75,14.6
58.1,158.5,895.8,2.2,88.4,0.0,0.3,0.51,21.7
70.6,116.2,891.7,2.2,62.7,0.0,0.85,2.99,9.7
85.6,157.2,894.0,2.2,85.0,0.0,1.0,3.06,7.6
25.1,60.4,899.1,0.9,78.7,0.0,1.0,4.76,3.4
24.4,86.3,897.0,2.2,60.6,0.0,0.7,0.72,4.4
56.0,121.3,900.8,0.0,68.8,0.0,1.0,1.47,4.3
36.7,62.3,897.7,2.2,92.3,0.67,1.0,2.35,9.4
42.4,103.2,895.6,2.2,92.4,0.0,1.0,4.79,2.2
55.6,138.7,905.6,0.0,88.0,0.0,0.85,5.18,7.1
77.3,127.8,896.6,2.2,94.4,0.52,1.0,5.46,11.3
14.4,20.3,901.7,0.0,88.2,0.0,1.0,5.28,1.4
16.5,19.1,895.4,2.2,60.4,0.0,0.85,0.23,2.8
3.5,31.7,899.8,0.2,70.1,0.0,0.85,0.45,1.0
30.2,66.4,900.7,0.0,61.1,0.24,0.85,0.98,3.3
1.3,21.4,897.8,2.2,63.3,0.0,0.7,2.05,0.0
21.9,57.1,889.0,2.2,67.7,0.0,1.0,4.6,1.1
27.4,51.0,897.1,2.2,77.6,0.0,0.7,4.93,4.6
11.8,49.4,901.9,0.0,89.7,0.0,1.0,1.19,0.3
31.3,101.7,899.1,0.9,90.2,0.0,0.85,3.48,2.4
1.1,30.1,898.8,1.2,81.6,0.0,0.85,5.06,0.0
1.3,4.3,890.1,2.2,92.5,0.0,0.3,2.66,0.0
60.5,103.1,894.1,2.2,77.5,0.46,0.85,0.75,12.9
15.6,48.4,898.6,1.4,91.1,0.0,1.0,2.63,0.9
4.8,10.4,898.6,1.4,75.9,0.0,0.85,2.19,0.1
25.9,83.7,901.9,0.0,69.7,0.0,0.85,3.26,2.1
51.4,85.8,896.4,2.2,92.1,0.76,0.85,2.52,11.7
8.5,27.5,898.6,1.4,73.6,0.0,1.0,0.29,0.2
34.1,50.1,897.1,2.2,77.6,0.17,0.85,5.47,5.7
3.1,30.6,893.1,2.2,71.5,0.0,1.0,3.08,0.6
1.9,7.4,889.0,2.2,83.2,0.0,0.7,2.71,0.0
26.5,73.3,898.7,1.3,94.8,0.0,0.85,5.26,4.7
27.2,64.0,897.7,2.2,60.9,0.0,1.0,1.03,2.6
35.5,112.8,894.5,2.2,91.5,0.0,0.5,1.2,11.3
45.3,54.4,890.5,2.2,60.1,0.0,0.85,4.48,2.6
130.3,250.0,899.5,0.5,72.7,0.0,1.0,1.58,9.3
25.4,69.0,895.9,2.2,65.9,0.0,1.0,4.44,2.2
13.7,29.5,899.2,0.8,86.5,0.0,0.85,1.64,3.1
55.5,79.9,904.5,0.0,61.8,0.0,0.85,0.38,3.8
11.1,10.9,889.0,2.2,79.4,0.0,0.5,2.94,4.0
20.2,74.5,894.2,2.2,70.3,0.0,1.0,1.24,2.6
2.9,25.2,896.2,2.2,64.7,0.0,1.0,4.22,0.0
0.9,13.1,902.8,0.0,87.0,0.0,0.5,3.6,0.0
115.1,205.4,890.5,2.2,67.6,0.43,0.3,5.1,30.4
63.3,75.7,904.7,0.0,67.8,0.0,1.0,4.35,5.1
41.7,106.6,897.5,2.2,69.6,0.0,0.7,1.16,8.2
18.4,25.6,896.6,2.2,80.5,0.0,1.0,4.44,1.7
6.7,39.2,896.2,2.2,83.1,0.0,0.7,3.6,0.9
6.0,29.3,895.3,2.2,60.6,0.0,0.5,3.75,3.6
10.1,52.8,901.2,0.0,68.5,0.0,1.0,4.61,0.0
27.9,45.8,892.7,2.2,75.1,0.0,1.0,3.24,3.2
43.9,78.7,898.4,1.6,71.6,0.0,1.0,2.67,4.9
37.8,92.1,895.5,2.2,90.9,0.0,1.0,3.57,3.8
11.5,42.6,894.0,2.2,87.6,0.0,1.0,1.78,2.2
108.4,121.2,907.3,0.0,81.9,0.0,0.7,1.17,14.4
46.9,50.8,898.7,1.3,71.8,0.97,1.0,3.47,9.6
28.3,49.7,899.5,0.5,84.5,0.0,0.85,1.44,3.1
33.1,78.4,901.6,0.0,89.5,0.0,0.7,0.62,5.5
19.0,45.2,891.3,2.2,80.8,0.0,0.85,0.2,2.9
10.0,34.0,904.0,0.0,87.5,0.0,0.85,3.42,0.7
15.4,29.1,889.0,2.2,86.2,0.0,1.0,2.12,2.0
49.6,130.4,893.9,2.2,80.0,0.76,0.85,4.19,11.1
0.5,38.7,895.2,2.2,70.9,0.0,1.0,2.19,0.0
4.3,26.5,899.3,0.7,86.1,0.0,0.7,2.78,0.0
1.6,16.5,897.9,2.1,67.2,0.0,1.0,2.36,0.0
1.5,11.1,896.3,2.2,87.3,0.02,0.7,3.65,0.0
67.7,144.5,897.0,2.2,88.2,0.0,0.85,2.09,8.7
42.6,51.9,893.1,2.2,88.8,0.0,0.85,5.31,4.9
22.5,73.6,891.0,2.2,76.6,0.0,1.0,5.16,-0.0
3.6,27.7,899.9,0.1,66.7,0.0,1.0,4.69,0.0
23.7,74.3,899.8,0.2,63.5,0.0,0.5,5.08,6.8
22.5,34.8,903.3,0.0,86.0,0.0,1.0,2.58,1.4
6.7,37.5,893.8,2.2,91.0,0.0,1.0,3.04,2.5
19.9,46.9,899.8,0.2,82.8,0.0,0.85,4.13,2.8
17.8,38.8,895.9,2.2,65.0,0.0,0.7,3.89,3.3
33.5,68.3,901.8,0.0,92.7,0.0,0.85,4.92,3.0
35.3,94.4,901.1,0.0,94.6,0.67,0.7,4.0,10.2
1.6,21.4,897.8,2.2,75.2,0.0,0.85,5.49,0.0
16.4,57.8,895.6,2.2,80.8,0.0,1.0,2.05,0.6
34.4,68.5,900.8,0.0,87.2,0.43,0.85,4.61,7.2
24.5,47.1,899.6,0.4,85.8,0.0,0.7,3.9,4.6
67.9,67.1,894.3,2.2,93.9,1.07,0.3,3.86,19.5
37.6,82.2,891.7,2.2,64.0,0.0,1.0,1.93,2.4
6.2,34.9,895.8,2.2,80.3,0.0,0.7,4.36,2.2
2.6,11.2,903.1,0.0,84.2,0.0,0.85,4.97,0.0
36.0,63.1,901.6,0.0,91.2,0.0,1.0,1.36,4.3
0.9,40.6,892.6,2.2,90.6,0.0,0.85,3.52,0.0
30.8,86.3,892.3,2.2,94.2,0.58,1.0,2.28,5.7
98.6,142.4,902.1,0.0,77.9,1.83,0.85,5.44,20.7
30.0,94.0,892.5,2.2,89.1,0.0,1.0,2.74,3.2
17.2,61.5,899.0,1.0,75.0,0.0,0.85,1.41,2.5
36.1,77.9,894.5,2.2,74.8,0.0,0.85,2.22,3.7
21.5,50.0,903.5,0.0,68.9,0.0,0.85,3.67,3.4
27.6,65.9,893.9,2.2,88.6,0.0,0.85,0.6,3.2
99.3,113.4,901.6,0.0,94.5,0.0,1.0,3.4,7.0
17.1,37.1,897.7,2.2,69.0,0.0,0.85,5.14,1.9
113.7,176.5,898.0,2.0,62.0,0.0,0.5,4.71,17.5
82.5,167.2,889.1,2.2,88.5,0.0,1.0,0.56,12.3
7.6,20.7,889.0,2.2,81.7,0.0,0.85,5.46,0.0
2.5,38.3,896.1,2.2,93.6,0.0,0.85,3.9,2.5
3.7,32.0,898.0,2.0,68.8,0.0,0.85,1.06,2.0
0.6,26.0,892.5,2.2,62.5,0.0,0.85,0.27,0.0
3.5,7.5,892.6,2.2,77.2,0.07,0.85,1.11,2.8
40.2,102.9,899.2,0.8,63.0,0.0,1.0,4.64,2.5
2.6,7.1,899.3,0.7,69.2,0.0,0.85,0.31,0.0
13.4,21.8,896.4,2.2,64.4,0.0,0.85,1.44,1.5
65.2,88.6,900.1,0.0,67.8,0.0,1.0,4.21,3.4
0.8,17.8,892.3,2.2,63.7,0.0,0.85,3.31,0.0
59.0,116.7,895.6,2.2,93.4,0.46,0.7,4.35,13.1
11.6,16.6,903.6,0.0,69.7,0.14,0.7,4.15,1.9
4.4,23.9,897.3,2.2,75.5,0.0,1.0,0.47,0.0
41.8,83.2,897.5,2.2,91.5,0.0,0.3,4.93,11.0
34.7,113.8,906.2,0.0,83.7,0.0,0.85,1.4,5.3
73.5,103.9,891.4,2.2,81.6,0.98,0.85,3.13,15.6
46.5,122.4,900.2,0.0,84.7,0.0,1.0,3.61,1.9
56.9,133.1,903.7,0.0,89.0,1.0,0.85,1.09,12.8
11.6,27.9,895.7,2.2,90.7,0.0,0.5,5.37,2.7
6.8,50.6,900.4,0.0,82.5,0.0,0.85,2.79,0.3
48.6,93.2,893.1,2.2,91.2,0.58,0.7,0.51,13.6
57.5,95.5,894.3,2.2,78.7,0.92,0.85,5.17,12.2
140.0,250.0,898.5,1.5,69.7,2.0,0.85,3.31,27.6
18.6,29.7,900.2,0.0,90.8,0.0,1.0,3.91,1.6
16.3,60.9,901.5,0.0,79.0,0.17,0.7,2.98,3.6
52.4,94.9,903.3,0.0,91.7,0.2,0.85,4.62,9.3
14.6,37.7,896.7,2.2,61.4,0.0,1.0,0.38,2.5
93.5,185.1,901.8,0.0,73.9,1.07,0.85,1.62,16.7
68.4,75.3,895.6,2.2,93.2,0.0,0.5,2.69,12.9
19.6,74.4,900.6,0.0,68.7,0.0,0.7,0.61,4.2
48.6,103.1,897.8,2.2,93.0,0.0,1.0,3.94,6.1
49.2,107.5,898.8,1.2,93.4,0.0,0.5,2.29,11.6
3.8,8.0,898.7,1.3,90.9,0.0,1.0,1.65,0.4
81.5,136.1,890.6,2.2,79.7,0.0,1.0,0.22,12.4
24.6,74.2,892.5,2.2,82.6,0.0,1.0,4.02,3.8
61.3,86.8,897.4,2.2,90.4,1.09,1.0,4.62,13.9
13.5,41.3,890.3,2.2,87.2,0.0,1.0,2.29,2.0
79.1,125.5,900.3,0.0,82.1,0.23,0.7,3.19,12.4
17.3,53.0,900.5,0.0,94.4,0.0,0.85,1.41,3.2
0.4,39.3,898.3,1.7,84.0,0.0,0.85,3.5,0.0
82.5,139.3,892.5,2.2,94.1,0.62,0.7,0.26,22.9
3.4,28.1,902.5,0.0,62.0,0.0,0.7,2.79,1.0
13.5,28.5,905.1,0.0,64.9,0.0,1.0,3.61,2.1
104.9,141.7,897.6,2.2,75.8,0.0,0.85,5.07,11.5
105.3,95.3,899.0,1.0,73.5,0.0,0.85,2.22,10.5
29.8,97.7,897.8,2.2,87.4,0.0,0.5,4.26,10.3
35.0,94.7,899.1,0.9,65.6,0.0,1.0,3.37,3.1
20.8,49.9,896.5,2.2,94.2,0.0,1.0,5.11,2.9
12.1,34.3,896.9,2.2,71.0,0.25,0.7,2.31,3.5
13.9,25.2,900.6,0.0,75.0,0.0,0.7,1.89,3.4
39.1,71.4,906.4,0.0,69.6,0.0,1.0,4.9,3.1
48.9,122.7,891.4,2.2,80.3,0.12,0.85,0.46,9.5
54.9,124.5,896.6,2.2,62.1,1.13,1.0,0.92,13.3
54.6,101.8,892.3,2.2,65.2,0.27,0.3,0.64,19.1
3.3,22.0,903.4,0.0,86.1,0.0,1.0,4.67,0.0
23.9,44.6,894.6,2.2,66.5,0.0,1.0,0.26,2.3
2.1,23.3,891.2,2.2,68.2,0.0,1.0,4.77,2.8
27.9,38.0,899.6,0.4,87.8,0.0,0.85,2.59,3.5
20.4,37.6,904.0,0.0,63.3,0.0,1.0,0.22,1.4
76.5,144.3,899.7,0.3,75.3,1.65,0.7,2.33,20.7
15.1,53.2,897.8,2.2,60.8,0.0,0.5,1.19,5.9
4.4,30.9,898.6,1.4,72.1,0.0,1.0,3.51,2.9
5.4,22.9,902.7,0.0,84.5,0.0,0.85,3.8,0.2
50.2,71.3,893.5,2.2,63.2,0.95,1.0,2.78,9.5
33.7,64.1,896.6,2.2,91.1,0.58,0.85,0.41,9.1
3.7,12.6,895.2,2.2,91.8,0.0,1.0,3.68,1.1
3.1,4.7,892.3,2.2,63.7,0.0,1.0,4.66,1.4
42.3,102.0,895.7,2.2,94.7,0.0,0.85,4.02,7.8
2.6,12.1,901.4,0.0,70.4,0.0,1.0,4.6,0.9
60.4,71.0,899.3,0.7,62.9,0.0,0.5,1.26,11.1
42.9,55.7,899.6,0.4,60.2,0.0,0.7,4.91,3.9
3.0,9.2,897.6,2.2,74.3,0.0,0.7,1.91,0.0
3.1,31.3,899.1,0.9,82.0,0.0,0.5,0.27,3.7
140.0,250.0,893.8,2.2,71.6,0.0,0.5,4.67,26.6
16.4,20.4,895.8,2.2,89.3,0.0,0.85,5.19,0.5
16.2,47.7,897.8,2.2,85.1,0.0,0.85,3.67,2.1
58.6,68.7,898.1,1.9,72.3,0.0,1.0,1.43,5.7
103.0,113.1,898.3,1.7,85.7,0.9,0.7,1.53,19.5
140.0,250.0,896.4,2.2,92.9,0.0,0.85,2.67,18.3
49.0,90.8,895.5,2.2,63.3,0.0,0.5,4.96,8.9
16.5,43.0,909.6,0.0,70.7,0.0,1.0,0.99,-0.0
3.1,8.1,900.6,0.0,76.2,0.0,1.0,4.58,0.8
52.5,65.2,898.7,1.3,77.4,0.0,1.0,1.74,2.6
28.6,73.8,896.1,2.2,79.0,0.0,0.7,4.49,5.3
19.3,52.5,895.2,2.2,70.5,0.0,1.0,5.08,2.0
82.9,106.2,896.5,2.2,83.4,1.7,0.85,2.47,20.2
4.1,39.5,898.2,1.8,82.6,0.0,0.85,2.13,2.2
23.7,87.8,889.5,2.2,80.2,0.0,1.0,4.45,0.7
0.4,25.1,890.7,2.2,64.0,0.0,0.85,3.01,0.0
22.1,46.9,894.5,2.2,76.7,0.0,0.85,3.83,2.4
2.0,10.8,897.8,2.2,72.5,0.0,1.0,3.5,0.9
4.4,14.1,896.0,2.2,77.2,0.0,0.85,1.01,1.0
4.4,26.2,902.9,0.0,92.3,0.0,0.3,4.68,4.8
36.7,64.2,891.1,2.2,76.8,0.0,0.3,1.24,8.7
48.0,76.9,894.0,2.2,60.5,0.0,0.85,5.14,3.2
30.6,64.3,903.1,0.0,75.4,0.0,0.85,1.53,5.1
114.6,108.4,897.5,2.2,88.7,0.0,1.0,4.09,9.4
16.4,46.6,900.5,0.0,87.3,0.0,0.3,1.71,6.1
11.8,47.9,905.2,0.0,78.0,0.0,1.0,1.88,0.0
71.0,86.9,894.2,2.2,68.7,0.48,0.85,1.84,8.8
8.9,38.9,896.6,2.2,76.3,0.0,1.0,4.16,0.4
115.6,170.2,895.9,2.2,79.7,0.65,1.0,3.15,15.2
0.4,33.6,889.2,2.2,95.0,0.0,1.0,4.88,0.0
122.6,193.0,895.8,2.2,82.5,1.84,0.7,1.83,31.4
1.5,36.7,900.5,0.0,84.3,0.03,0.85,3.87,0.0
77.6,159.7,899.2,0.8,77.2,1.58,0.85,4.19,17.0
26.3,46.9,899.5,0.5,72.4,0.38,1.0,1.0,4.0
140.0,250.0,895.5,2.2,88.5,0.0,0.7,2.32,25.4
2.7,30.3,894.4,2.2,77.3,0.0,1.0,2.76,0.9
28.2,44.9,902.1,0.0,94.8,0.0,1.0,2.09,2.1
121.9,141.0,895.0,2.2,76.0,1.33,0.7,1.91,25.3
25.9,54.1,898.2,1.8,62.4,0.0,0.5,3.84,4.5
34.7,82.0,897.7,2.2,83.9,0.0,1.0,1.34,4.9
41.6,85.8,902.8,0.0,61.6,0.0,0.85,3.96,5.0
21.2,41.2,900.9,0.0,68.8,0.0,0.85,5.16,2.2
34.6,58.4,891.8,2.2,72.4,0.0,0.5,3.2,6.8
30.7,75.9,892.2,2.2,85.9,0.0,1.0,3.44,1.9
81.0,197.4,899.3,0.7,77.3,0.0,0.85,0.57,9.3
1.6,18.4,896.7,2.2,61.0,0.0,1.0,4.78,0.0
11.5,55.0,895.2,2.2,81.6,0.0,1.0,1.71,1.1
105.1,157.8,901.1,0.0,74.4,0.73,1.0,3.46,12.5
77.3,188.4,897.7,2.2,92.3,0.77,0.3,5.39,29.4
21.3,23.9,897.2,2.2,77.5,0.0,1.0,3.36,2.0
33.9,53.0,900.1,0.0,84.8,0.0,0.5,4.04,7.1
11.4,34.5,895.5,2.2,67.7,0.0,1.0,2.56,-0.0
7.3,29.1,903.3,0.0,86.6,0.0,0.5,0.52,3.5
21.8,66.9,893.8,2.2,85.2,0.0,0.7,4.43,3.7
15.3,24.8,899.6,0.4,91.6,0.23,1.0,0.39,4.0
30.7,41.8,902.7,0.0,61.2,0.0,0.85,3.91,2.5
2.8,37.8,891.5,2.2,75.7,0.0,1.0,0.32,0.0
128.3,206.3,895.6,2.2,83.8,0.0,0.85,4.77,16.0
140.0,170.4,901.6,0.0,63.3,1.57,0.85,1.04,21.4
41.9,88.8,901.6,0.0,74.4,0.0,0.85,2.93,4.0
26.9,85.1,896.3,2.2,93.0,0.0,0.7,3.36,5.5
13.0,29.2,894.1,2.2,75.3,0.0,0.7,2.62,2.1
58.8,64.9,900.8,0.0,94.5,1.19,1.0,2.01,10.2
40.4,63.0,901.7,0.0,62.0,0.0,0.5,2.68,3.8
6.2,45.2,892.3,2.2,85.1,0.0,0.5,1.85,4.8
84.6,127.1,892.2,2.2,80.3,0.0,1.0,2.52,7.2
60.5,96.1,897.9,2.1,77.5,0.0,1.0,2.1,7.5
104.7,207.7,899.5,0.5,94.0,1.83,0.85,3.2,25.5
45.3,77.0,895.8,2.2,64.5,0.0,0.85,1.46,7.1
33.3,61.7,899.7,0.3,91.4,0.0,1.0,5.44,2.1
19.0,65.4,894.2,2.2,84.2,0.0,1.0,2.85,0.2
94.5,168.7,889.0,2.2,69.1,0.0,0.7,1.23,14.5
70.4,79.9,895.3,2.2,91.6,0.54,0.85,2.73,11.6
1.6,27.1,897.3,2.2,75.0,0.0,1.0,4.79,0.0
0.9,33.9,895.9,2.2,88.5,0.0,0.5,0.32,0.0
16.5,45.1,892.4,2.2,73.6,0.0,0.7,3.8,2.8
58.2,129.2,889.7,2.2,89.8,0.0,0.85,3.1,6.9
140.0,201.7,894.9,2.2,82.3,2.0,0.7,1.1,34.3
5.7,8.7,900.6,0.0,64.9,0.0,1.0,4.53,0.1
31.6,58.2,902.0,0.0,82.7,0.34,0.85,2.16,5.8
16.8,39.3,901.8,0.0,66.7,0.0,1.0,1.76,0.1
122.6,236.0,893.7,2.2,74.4,0.0,1.0,4.59,10.2
64.6,155.5,892.4,2.2,66.0,1.36,1.0,3.58,13.2
63.8,125.3,899.0,1.0,60.8,0.0,1.0,4.96,3.9
22.1,67.8,899.5,0.5,67.4,0.38,0.85,3.54,4.3
18.8,48.8,898.6,1.4,78.8,0.0,0.7,4.13,2.0
11.2,33.3,889.0,2.2,76.9,0.0,1.0,4.63,2.6
2.0,29.3,893.5,2.2,77.6,0.0,1.0,0.49,0.9
70.0,101.7,896.9,2.2,68.7,0.0,0.7,4.31,10.2
58.7,105.4,898.9,1.1,84.0,0.0,1.0,3.45,4.8
140.0,169.8,900.1,0.0,84.6,0.0,1.0,0.57,10.5
140.0,136.9,897.6,2.2,72.5,0.0,0.85,2.9,15.0
28.4,82.1,898.3,1.7,90.8,0.0,0.7,0.64,4.7
51.3,85.9,897.3,2.2,82.5,0.0,0.7,4.1,6.7
101.4,249.4,899.7,0.3,85.0,2.0,0.7,3.1,28.5
66.3,175.3,898.3,1.7,69.7,0.0,1.0,5.25,4.3
9.9,33.0,897.3,2.2,60.0,0.0,0.7,1.17,1.3
21.0,52.3,895.9,2.2,90.3,0.0,1.0,3.41,2.4
4.8,23.5,897.3,2.2,88.8,0.0,1.0,1.32,0.6
107.8,224.6,898.9,1.1,64.3,0.0,0.85,3.45,12.7
32.6,41.8,898.1,1.9,73.1,0.0,0.7,4.03,6.6
9.1,36.9,898.5,1.5,83.1,0.0,1.0,4.03,0.0
39.0,104.6,902.4,0.0,82.8,0.0,1.0,4.52,3.1
33.7,53.0,898.1,1.9,90.1,0.28,0.7,4.72,6.9
15.5,23.6,894.4,2.2,64.9,0.0,0.5,0.61,3.2
4.2,36.5,900.5,0.0,75.0,0.0,0.85,2.02,0.0
39.0,72.1,891.5,2.2,63.4,0.15,0.85,3.84,4.2
25.7,84.4,892.7,2.2,73.6,0.0,0.7,2.84,5.6
51.8,84.2,898.3,1.7,60.5,0.0,0.7,1.21,6.5
25.7,92.0,899.1,0.9,91.4,0.0,0.85,3.13,4.2
66.9,134.4,892.0,2.2,78.4,0.0,1.0,2.36,6.0
28.1,81.3,895.5,2.2,89.7,0.0,1.0,2.27,3.1
28.8,64.1,894.6,2.2,62.1,0.0,0.85,4.49,2.3
73.2,163.8,895.1,2.2,68.0,0.0,1.0,2.36,6.3
18.1,32.9,900.8,0.0,69.1,0.3,1.0,0.34,2.0
5.0,17.3,899.8,0.2,73.5,0.09,0.85,0.51,1.4
1.0,21.2,896.9,2.2,88.1,0.0,1.0,4.74,0.0
49.2,121.9,894.8,2.2,73.5,0.0,0.7,5.29,8.7
33.9,106.6,891.6,2.2,67.2,0.0,1.0,3.85,2.9
42.6,81.1,902.7,0.0,62.3,0.0,0.85,2.13,4.7
8.4,35.7,899.4,0.6,62.8,0.0,0.7,5.17,0.4
5.1,14.1,894.2,2.2,86.6,0.0,0.85,3.71,2.5
0.5,29.4,899.9,0.1,75.6,0.0,0.85,4.67,0.0
15.1,50.4,896.7,2.2,85.4,0.0,0.85,4.26,3.2
31.2,65.2,895.9,2.2,83.9,0.49,0.7,2.21,9.2
17.4,53.8,898.7,1.3,64.7,0.0,0.3,2.74,5.0
20.1,45.9,894.0,2.2,65.0,0.0,0.85,1.19,3.8
82.1,175.9,895.6,2.2,86.4,0.88,0.7,1.75,21.1
15.0,31.3,897.5,2.2,85.2,0.0,1.0,4.32,3.3
25.3,46.4,895.0,2.2,73.2,0.14,0.5,4.94,5.9
53.6,115.3,899.7,0.3,62.7,0.73,0.3,4.04,17.5
17.7,34.8,904.5,0.0,60.4,0.0,0.85,2.67,1.1
34.1,85.9,894.0,2.2,70.1,0.24,0.7,0.66,6.8
69.4,122.2,890.3,2.2,60.3,0.88,0.85,0.5,14.9
104.5,174.5,889.0,2.2,68.1,0.0,1.0,2.18,8.7
5.6,31.0,896.4,2.2,74.7,0.0,0.5,2.66,2.7
91.4,137.0,894.3,2.2,64.2,0.0,0.85,3.43,8.0
23.7,81.2,897.8,2.2,63.6,0.0,0.85,0.23,4.3
10.5,39.9,897.5,2.2,91.4,0.0,0.7,5.45,3.1
21.5,64.9,890.6,2.2,80.5,0.0,0.5,2.13,6.8
137.0,170.1,889.7,2.2,92.7,0.59,0.7,4.69,21.3
23.7,39.8,898.2,1.8,72.1,0.0,1.0,3.04,2.6
14.0,30.6,897.5,2.2,83.7,0.0,0.85,0.89,2.0
35.1,60.2,895.3,2.2,67.2,0.0,0.3,4.43,7.7
9.6,35.5,890.4,2.2,81.6,0.0,0.85,3.96,0.0
2.8,19.4,898.9,1.1,64.5,0.0,0.5,3.0,2.9
4.8,37.2,902.1,0.0,60.1,0.0,0.7,2.93,1.8
4.8,30.4,898.1,1.9,92.6,0.0,0.7,0.66,0.2
5.8,7.9,893.6,2.2,79.4,0.0,1.0,3.68,0.9
5.2,17.2,897.2,2.2,92.4,0.0,1.0,5.03,0.8
35.8,79.4,891.5,2.2,71.7,0.0,0.85,0.69,6.8
7.0,39.3,901.2,0.0,71.5,0.0,0.85,1.6,0.9
14.8,67.0,897.3,2.2,74.0,0.0,0.7,4.98,3.7
79.5,105.2,889.9,2.2,84.7,0.51,0.7,1.71,14.7
22.5,72.2,895.8,2.2,79.8,0.0,1.0,3.67,2.6
38.5,40.0,898.9,1.1,92.4,0.35,0.7,3.03,6.4
6.6,6.5,895.7,2.2,60.9,0.0,0.85,3.36,0.0
7.5,48.6,895.9,2.2,84.8,0.0,1.0,2.4,0.7
1.5,12.5,892.1,2.2,71.6,0.0,0.85,1.79,0.0
6.5,37.6,899.3,0.7,66.3,0.0,0.5,0.46,4.5
11.4,23.0,894.4,2.2,77.9,0.0,0.85,4.14,3.3
6.8,33.9,889.0,2.2,77.7,0.0,1.0,4.15,0.1
3.3,39.6,895.5,2.2,64.8,0.0,0.85,3.75,0.0
4.5,18.3,900.9,0.0,67.1,0.0,1.0,3.61,0.6
21.6,64.2,895.5,2.2,74.3,0.0,0.85,1.49,2.9
8.1,24.9,904.0,0.0,74.3,0.0,1.0,0.32,1.7
15.9,38.8,898.7,1.3,71.1,0.0,0.7,4.49,1.8
24.5,63.6,898.4,1.6,65.2,0.0,1.0,2.8,2.4
41.0,74.4,896.5,2.2,60.2,0.0,0.85,1.83,4.9
1.4,14.8,896.7,2.2,94.0,0.0,1.0,0.74,0.0
56.2,91.5,895.9,2.2,93.0,0.35,0.3,0.53,18.1
34.6,67.1,895.8,2.2,76.9,0.26,0.85,2.05,7.0
3.0,18.7,899.1,0.9,94.8,0.0,0.7,4.47,1.1
72.4,128.6,893.3,2.2,83.6,0.28,0.7,5.07,12.9
88.8,131.3,892.7,2.2,62.4,0.0,0.7,4.95,10.2
2.2,17.4,892.5,2.2,64.1,0.0,0.7,5.08,2.0
11.3,45.3,905.2,0.0,92.1,0.0,1.0,5.01,2.0
57.4,96.3,899.1,0.9,82.1,0.0,0.7,2.99,7.9
48.3,104.5,898.2,1.8,89.5,0.0,1.0,1.36,5.1
7.1,43.1,892.8,2.2,91.4,0.0,0.7,4.43,3.7
8.2,35.3,899.5,0.5,75.7,0.0,0.3,1.33,2.6
16.2,35.1,896.5,2.2,61.7,0.0,0.5,1.62,4.2
23.2,75.4,897.9,2.1,66.6,0.0,1.0,1.44,1.6
33.7,84.9,893.1,2.2,62.3,0.0,0.85,2.93,5.9
16.1,54.2,897.6,2.2,66.6,0.0,0.85,1.91,2.5
21.7,73.6,895.3,2.2,74.4,0.0,1.0,1.02,3.6
48.2,119.9,893.9,2.2,64.1,0.0,1.0,2.6,3.1
1.3,37.6,899.9,0.1,65.8,0.0,0.85,4.83,0.0
10.2,38.2,890.8,2.2,75.6,0.22,0.3,3.22,5.3
43.7,71.2,899.3,0.7,71.9,0.0,0.85,4.86,4.6
79.0,111.4,899.7,0.3,76.4,0.0,0.85,1.24,7.3
25.1,56.3,893.5,2.2,75.0,0.0,0.85,1.08,4.5
26.6,84.2,893.7,2.2,82.6,0.0,0.7,3.25,5.4
4.0,33.2,896.1,2.2,92.8,0.0,0.3,2.66,1.2
20.8,18.8,898.1,1.9,63.8,0.0,0.85,3.7,2.4
26.6,61.5,896.4,2.2,63.5,0.0,1.0,4.41,1.0
9.7,37.1,898.7,1.3,89.8,0.0,0.85,4.18,1.2
11.0,21.3,904.1,0.0,77.7,0.0,0.3,5.19,4.2
16.6,27.1,895.0,2.2,86.8,0.0,0.85,2.31,4.0
0.7,18.9,890.1,2.2,67.5,0.0,0.85,1.29,0.0
13.6,26.8,900.3,0.0,89.0,0.0,1.0,3.12,1.7
8.3,25.3,903.7,0.0,92.3,0.0,1.0,0.79,0.1
13.9,37.8,898.6,1.4,82.2,0.0,0.5,1.73,3.4
4.5,15.9,892.6,2.2,63.7,0.0,1.0,1.3,0.0
77.4,159.9,896.5,2.2,91.3,1.44,1.0,2.3,15.1
31.5,50.4,892.5,2.2,87.7,0.0,0.85,0.79,5.0
39.8,62.2,899.6,0.4,86.3,0.2,0.3,0.37,10.5
54.5,112.0,891.6,2.2,61.3,0.0,1.0,3.68,3.2
24.2,69.4,895.8,2.2,88.0,0.44,0.7,3.43,8.7
3.2,6.0,893.0,2.2,64.8,0.0,1.0,3.95,0.0
27.0,27.5,897.5,2.2,67.8,0.0,0.7,3.7,2.5
30.9,58.5,895.5,2.2,80.2,0.0,0.3,0.81,9.3
47.9,94.7,897.7,2.2,69.3,0.0,1.0,1.74,2.8
19.8,53.0,897.1,2.2,83.1,0.0,1.0,0.89,3.2
4.8,34.0,893.1,2.2,81.3,0.0,1.0,4.67,0.0
11.7,46.8,899.5,0.5,63.8,0.0,0.7,4.16,3.5
15.8,58.2,896.8,2.2,83.0,0.0,1.0,1.27,3.0
36.3,96.9,893.0,2.2,92.3,0.0,1.0,2.01,4.6
29.6,72.8,906.0,0.0,65.6,0.58,1.0,5.32,4.4
15.4,25.0,898.9,1.1,80.9,0.0,0.85,3.35,0.5
140.0,153.5,896.4,2.2,72.0,0.0,1.0,4.45,9.6
32.6,82.2,902.7,0.0,76.1,0.0,0.5,1.6,8.5
9.5,32.6,904.4,0.0,70.0,0.05,0.5,1.31,2.8
3.8,20.5,896.4,2.2,72.4,0.0,0.85,4.35,0.1
5.8,18.9,898.4,1.6,61.0,0.05,0.85,3.84,0.9
9.9,36.9,893.0,2.2,94.4,0.0,0.85,3.81,2.8
6.1,33.4,896.4,2.2,81.9,0.0,0.7,3.13,2.6
7.2,43.8,896.2,2.2,77.5,0.0,0.85,3.19,1.9
11.7,24.7,897.7,2.2,73.4,0.0,0.85,4.1,2.1
6.7,37.8,898.3,1.7,78.9,0.0,0.85,1.63,1.5
79.5,195.9,899.2,0.8,73.3,1.38,0.7,2.07,21.9
2.9,39.5,898.0,2.0,72.6,0.0,1.0,4.82,0.4
26.0,61.3,892.2,2.2,76.2,0.0,1.0,1.84,2.5
18.5,58.1,893.2,2.2,69.7,0.0,1.0,3.1,2.3
140.0,250.0,894.8,2.2,66.3,1.61,0.85,3.92,25.2
4.2,36.7,895.9,2.2,79.5,0.0,0.85,5.5,0.2
17.8,73.0,901.2,0.0,89.5,0.0,0.85,2.51,3.3
122.1,156.5,892.3,2.2,65.3,1.89,0.85,2.47,24.4
70.2,88.4,895.6,2.2,61.1,0.0,0.7,4.67,8.7
59.5,118.6,900.8,0.0,68.6,0.81,1.0,4.47,8.4
10.4,39.4,895.8,2.2,94.3,0.0,0.85,4.07,2.6
6.6,36.1,898.8,1.2,89.0,0.0,0.85,2.66,1.2
38.7,67.3,896.4,2.2,80.9,0.0,0.85,1.92,5.8
92.8,95.3,898.0,2.0,92.5,0.0,0.85,3.43,10.5
28.5,78.7,896.1,2.2,75.6,0.0,0.7,4.84,4.9
29.7,59.0,899.7,0.3,94.4,0.0,1.0,4.88,3.2
11.5,31.0,890.8,2.2,70.4,0.0,0.5,0.78,2.9
51.4,103.2,895.5,2.2,68.4,0.48,0.5,2.47,15.8
7.2,46.4,898.2,1.8,82.3,0.0,0.7,2.66,3.0
13.7,28.3,899.1,0.9,73.2,0.26,0.7,5.38,3.6
19.4,74.5,903.0,0.0,81.9,0.0,0.85,3.79,3.6
24.8,47.5,895.4,2.2,70.7,0.0,0.85,2.36,2.6
9.7,41.4,902.9,0.0,81.6,0.0,0.3,0.34,5.3
4.3,44.6,894.4,2.2,69.7,0.0,1.0,3.2,1.2
33.0,62.2,902.3,0.0,61.8,0.0,1.0,0.71,3.1
11.9,26.5,900.3,0.0,91.9,0.0,1.0,4.62,0.5
30.5,64.1,893.3,2.2,90.9,0.0,0.85,4.19,2.9
5.9,22.1,898.2,1.8,94.0,0.0,1.0,2.64,-0.0
23.0,49.3,896.8,2.2,85.1,0.0,0.5,2.47,5.1
26.6,92.8,899.5,0.5,83.9,0.0,0.85,4.96,5.5
1.9,32.0,896.1,2.2,79.6,0.0,0.7,1.73,0.0
14.4,39.8,895.8,2.2,64.4,0.0,1.0,1.52,1.6
5.1,25.1,902.5,0.0,66.6,0.0,1.0,5.18,0.3
2.3,4.1,896.6,2.2,70.1,0.02,1.0,4.49,0.0
140.0,207.0,900.3,0.0,91.2,0.64,1.0,4.55,16.2
13.6,44.2,896.1,2.2,66.1,0.0,0.85,1.23,4.3
58.1,121.0,903.7,0.0,92.3,0.77,0.5,0.96,18.8
10.3,31.0,894.3,2.2,78.3,0.0,0.85,0.34,3.1
40.0,68.9,894.5,2.2,85.0,0.0,0.85,1.46,6.8
50.0,48.7,903.1,0.0,63.9,0.0,0.85,4.3,4.6
31.7,66.0,895.2,2.2,69.4,0.18,1.0,1.47,4.0
22.3,44.4,903.4,0.0,93.5,0.0,0.85,4.06,2.0
18.6,38.8,900.6,0.0,69.3,0.0,1.0,1.54,1.1
15.0,28.3,896.4,2.2,70.4,0.0,0.5,2.3,3.5
92.8,219.0,889.7,2.2,66.9,0.35,0.7,5.41,15.5
62.1,62.3,896.9,2.2,64.5,1.4,0.85,1.5,15.0
117.4,212.6,897.4,2.2,68.2,1.52,0.85,2.19,22.4
4.6,25.2,901.7,0.0,82.5,0.06,1.0,1.8,1.7
45.9,92.4,903.4,0.0,75.9,0.0,0.7,0.78,6.1
97.5,142.2,894.3,2.2,79.4,0.0,0.7,2.8,14.6
7.0,48.8,900.2,0.0,64.3,0.0,0.7,2.21,1.5
2.4,5.2,900.1,0.0,88.1,0.0,1.0,3.88,1.8
47.3,121.4,901.3,0.0,87.4,0.0,1.0,4.53,2.0
29.9,84.5,899.0,1.0,60.8,0.0,0.85,3.08,4.0
64.5,123.2,889.2,2.2,73.4,0.0,0.3,0.37,17.8
5.3,10.8,896.4,2.2,62.4,0.0,0.5,3.48,0.5
55.5,111.2,892.4,2.2,87.7,0.53,0.85,0.49,13.0
7.9,48.8,896.2,2.2,85.8,0.03,0.7,3.47,3.0
6.3,28.4,900.9,0.0,91.6,0.0,0.5,3.83,2.5
6.3,32.3,898.2,1.8,68.3,0.0,1.0,1.25,0.7
59.0,98.8,901.6,0.0,76.0,0.97,0.7,4.54,12.9
38.3,49.9,898.4,1.6,66.5,0.0,1.0,5.03,2.5
25.9,86.2,891.8,2.2,73.0,0.0,1.0,4.51,2.1
15.6,16.4,889.0,2.2,78.3,0.0,1.0,1.82,1.7
73.4,116.5,897.6,2.2,61.9,0.47,0.85,3.31,10.3
17.4,51.9,896.1,2.2,85.0,0.0,0.7,5.05,4.2
59.4,119.5,893.1,2.2,79.0,0.0,0.85,1.9,8.2
20.2,62.7,890.2,2.2,89.0,0.0,1.0,4.55,2.1
16.6,24.1,894.1,2.2,69.5,0.0,1.0,0.25,1.8
21.7,62.1,896.2,2.2,91.6,0.0,0.85,0.22,3.5
12.6,23.6,899.7,0.3,95.0,0.0,0.85,4.23,1.7
48.2,119.0,897.8,2.2,92.2,0.0,0.85,4.24,8.1
24.5,47.2,903.4,0.0,87.2,0.0,1.0,4.38,2.4
9.2,31.3,892.9,2.2,88.4,0.0,0.7,5.13,1.2
80.4,193.6,900.5,0.0,80.1,0.59,0.5,0.82,22.3
17.0,26.4,897.2,2.2,66.7,0.0,0.85,1.43,1.7
27.4,56.3,899.8,0.2,83.7,0.0,0.7,4.99,4.9
82.9,146.3,895.3,2.2,84.9,0.0,0.5,1.14,18.3
34.3,100.4,901.3,0.0,94.5,0.63,0.85,3.82,8.9
4.4,12.1,898.2,1.8,78.9,0.0,0.7,3.01,0.3
98.4,114.8,894.3,2.2,69.5,0.0,0.7,0.64,15.0
34.6,49.2,897.0,2.2,83.9,0.0,1.0,1.71,2.1
14.3,38.5,896.0,2.2,94.3,0.0,0.85,2.96,2.7
5.2,15.3,899.0,1.0,66.2,0.0,0.7,4.72,1.3
55.3,125.1,892.3,2.2,71.4,0.0,1.0,3.95,4.8
33.9,84.9,896.9,2.2,79.0,0.0,0.5,3.5,8.6
26.7,73.5,898.6,1.4,66.0,0.0,0.85,2.83,2.5
78.5,137.5,897.1,2.2,60.8,0.57,0.85,1.78,13.5
54.4,81.9,902.4,0.0,71.8,0.0,0.85,0.83,6.0
5.8,30.1,900.1,0.0,90.3,0.0,0.85,2.37,0.2
13.1,30.1,897.0,2.2,61.5,0.15,0.7,0.35,4.1
10.0,29.5,897.9,2.1,75.0,0.0,0.85,1.32,2.4
47.7,92.5,898.2,1.8,86.7,0.0,0.5,2.49,9.9
1.2,28.4,898.6,1.4,93.4,0.0,0.85,2.42,0.0
29.5,66.9,889.7,2.2,94.5,0.0,0.7,0.43,7.3
50.3,97.2,895.8,2.2,74.8,0.0,0.3,3.32,11.3
73.3,80.0,891.1,2.2,93.3,1.2,1.0,3.11,13.6
14.7,32.5,902.1,0.0,61.2,0.0,0.7,0.61,1.0
60.3,156.3,896.8,2.2,86.1,0.69,1.0,5.2,7.8
4.1,27.2,896.2,2.2,82.5,0.0,0.7,0.73,2.6
65.6,168.5,900.6,0.0,68.7,0.0,0.85,4.73,5.2
4.8,14.8,898.7,1.3,77.8,0.0,0.5,0.2,1.8
17.7,39.0,892.5,2.2,64.5,0.0,0.5,4.88,4.5
55.9,105.1,896.7,2.2,90.5,0.54,1.0,0.3,11.2
5.7,10.2,895.7,2.2,72.5,0.0,1.0,4.22,0.0
9.1,26.1,890.0,2.2,81.9,0.0,0.85,2.12,1.6
44.8,89.2,894.2,2.2,65.6,0.0,0.85,4.11,5.0
44.6,79.5,896.3,2.2,67.2,0.0,1.0,2.33,4.7
35.9,69.1,896.5,2.2,94.7,0.0,1.0,0.58,2.3
41.4,60.8,891.1,2.2,86.4,0.0,0.85,4.27,4.0
27.4,51.3,901.6,0.0,93.7,0.0,1.0,0.58,2.9
10.2,46.3,896.6,2.2,70.4,0.0,0.5,5.09,3.7
14.8,13.6,897.2,2.2,65.8,0.0,0.7,0.47,3.0
7.0,48.8,898.6,1.4,77.6,0.0,0.7,2.74,2.7
83.7,156.2,893.8,2.2,77.3,1.34,1.0,4.03,15.0
30.6,75.6,898.8,1.2,66.1,0.0,1.0,2.28,1.9
17.9,65.8,895.5,2.2,85.7,0.0,0.85,1.35,5.6
21.7,28.8,893.4,2.2,72.7,0.0,0.3,4.22,5.8
103.0,221.4,899.3,0.7,66.5,1.42,1.0,4.36,15.7
5.8,31.0,903.0,0.0,71.6,0.0,1.0,5.09,0.5
30.9,36.9,899.9,0.1,79.7,0.0,1.0,2.19,2.8
24.7,56.4,900.7,0.0,85.4,0.0,0.7,2.88,4.8
33.1,94.6,894.9,2.2,76.9,0.0,0.85,2.12,5.3
0.6,30.0,890.6,2.2,78.4,0.0,1.0,1.56,0.0
72.0,87.5,903.0,0.0,64.9,1.46,0.85,4.18,16.4
94.1,131.7,905.2,0.0,92.0,0.38,0.7,2.0,15.3
29.1,36.1,903.2,0.0,92.5,0.0,0.85,2.47,5.1
41.8,68.0,895.7,2.2,83.9,0.0,0.7,2.34,6.9
89.5,156.8,892.4,2.2,60.6,1.32,0.7,3.98,19.8
43.0,40.8,892.7,2.2,78.8,0.0,0.7,5.06,6.5
5.8,17.2,890.3,2.2,82.0,0.0,0.85,3.73,1.1
30.1,95.3,896.6,2.2,94.8,0.0,0.5,2.7,9.3
32.7,65.6,903.4,0.0,94.9,0.0,0.5,4.33,5.7
19.3,42.5,896.4,2.2,90.0,0.0,0.85,3.6,3.3
46.7,46.9,898.2,1.8,62.2,0.0,1.0,0.52,4.2
95.3,168.7,902.5,0.0,93.4,0.25,0.7,0.71,15.4
90.9,187.1,895.4,2.2,81.4,0.96,1.0,0.4,17.5
21.0,51.4,905.1,0.0,88.0,0.0,0.5,2.62,5.3
4.2,8.8,905.0,0.0,74.3,0.0,1.0,4.58,0.0
140.0,175.2,896.5,2.2,71.2,0.0,0.5,1.86,23.6
63.9,137.6,894.7,2.2,76.2,0.0,0.85,2.24,9.5
4.7,8.7,899.8,0.2,65.1,0.03,0.7,5.02,0.0
88.8,197.0,895.6,2.2,72.5,0.0,0.85,4.64,10.9
71.4,163.3,892.4,2.2,90.0,0.0,0.3,3.72,20.6
25.6,47.5,902.1,0.0,61.3,0.18,1.0,1.61,2.1
31.3,66.8,901.9,0.0,65.3,0.0,1.0,0.82,3.5
17.8,52.9,897.6,2.2,64.4,0.0,1.0,0.29,0.6
2.0,38.9,891.9,2.2,74.1,0.0,0.5,0.77,0.0
14.3,44.4,892.1,2.2,94.9,0.0,0.85,1.75,2.0
56.8,105.8,897.4,2.2,66.1,0.0,0.7,3.12,7.9
0.2,15.6,895.0,2.2,65.1,0.0,0.7,0.54,0.0
14.2,41.2,895.6,2.2,92.0,0.0,0.5,0.92,5.1
17.8,55.3,901.1,0.0,90.9,0.0,0.7,1.16,3.3
27.0,70.2,899.9,0.1,61.1,0.0,0.85,3.55,2.5
88.3,222.5,902.5,0.0,86.3,1.17,0.7,3.46,22.3
14.9,50.1,893.0,2.2,82.9,0.0,0.7,3.12,3.1
14.9,45.9,895.6,2.2,86.9,0.0,1.0,1.53,0.0
46.8,65.5,900.0,0.0,77.3,0.0,1.0,2.17,2.8
21.1,44.7,898.8,1.2,94.7,0.0,1.0,0.71,3.3
8.9,18.6,903.1,0.0,61.5,0.0,0.85,1.4,0.0
21.1,37.3,898.7,1.3,68.2,0.0,0.85,4.96,1.1
5.3,15.8,904.4,0.0,73.9,0.0,0.85,5.39,0.2
6.8,46.6,899.2,0.8,75.7,0.0,0.3,3.63,3.9
24.1,38.5,901.2,0.0,92.2,0.0,1.0,5.06,2.0
19.0,34.9,895.7,2.2,79.6,0.0,0.7,3.61,1.9
86.2,165.6,897.1,2.2,61.6,0.0,0.85,0.38,12.9
15.8,60.2,900.6,0.0,74.3,0.0,1.0,5.48,1.0
30.4,56.0,903.5,0.0,74.6,0.0,0.85,0.72,3.7
35.0,73.4,899.9,0.1,93.8,0.0,0.3,3.82,10.6
0.5,23.4,896.7,2.2,81.0,0.0,1.0,1.54,0.0
38.1,50.7,902.5,0.0,82.2,0.0,0.85,2.28,5.7
6.9,16.1,889.0,2.2,85.0,0.0,1.0,3.62,0.5
113.6,240.9,891.3,2.2,87.0,2.0,1.0,2.51,24.2
5.6,42.0,899.7,0.3,82.2,0.0,0.85,1.53,3.2
18.7,48.8,897.1,2.2,68.3,0.26,0.7,1.97,5.2
3.1,39.3,899.4,0.6,90.6,0.0,0.7,2.01,0.4
140.0,240.5,897.3,2.2,85.6,0.0,0.85,5.28,17.1
24.4,52.5,899.3,0.7,86.0,0.0,0.5,4.43,4.7
31.7,53.9,893.7,2.2,94.9,0.0,1.0,2.63,3.1
2.4,16.7,899.3,0.7,88.1,0.0,0.7,1.26,2.8
48.5,107.4,901.0,0.0,89.0,0.0,0.85,4.5,4.7
8.2,43.0,901.9,0.0,93.3,0.0,0.5,1.03,3.7
79.9,182.9,905.1,0.0,65.3,0.0,0.7,1.32,10.7
8.0,32.3,898.0,2.0,77.4,0.0,0.5,2.14,2.5
7.4,29.0,898.1,1.9,80.3,0.0,1.0,4.87,1.4
1.3,17.9,890.9,2.2,71.5,0.0,0.7,0.9,0.0
22.4,46.7,894.9,2.2,89.4,0.0,0.7,0.85,4.3
29.1,52.1,896.2,2.2,86.7,0.0,0.7,2.82,4.2
2.4,10.4,901.2,0.0,85.2,0.0,0.85,1.66,0.7
52.3,48.4,894.6,2.2,94.9,0.0,1.0,3.21,7.1
21.1,42.7,900.2,0.0,69.1,0.0,1.0,2.59,0.4
26.0,49.0,897.0,2.2,85.7,0.0,1.0,2.51,4.5
20.3,56.3,896.3,2.2,79.3,0.0,0.5,0.79,7.1
17.9,32.7,898.0,2.0,71.0,0.0,0.7,0.95,4.4
28.7,88.7,895.4,2.2,65.6,0.0,1.0,4.55,2.4
5.9,13.1,895.3,2.2,91.4,0.0,0.5,4.9,2.6
7.0,23.8,890.2,2.2,80.8,0.0,1.0,1.44,0.0
69.3,85.6,896.0,2.2,88.9,0.34,0.85,0.8,11.7
102.2,108.5,895.1,2.2,79.1,1.49,1.0,0.48,22.8
16.4,51.3,894.9,2.2,67.7,0.0,0.5,3.42,4.8
11.1,16.1,898.7,1.3,71.8,0.0,0.7,3.99,1.3
36.1,69.1,899.6,0.4,73.4,0.0,0.85,2.18,1.3
18.4,60.6,897.9,2.1,94.1,0.0,0.7,3.8,3.7
0.9,22.8,901.0,0.0,60.2,0.0,1.0,3.98,0.0
5.9,30.5,899.3,0.7,94.5,0.0,0.85,5.16,1.6
44.1,85.0,895.8,2.2,94.3,0.0,0.85,0.54,7.5
37.6,89.8,895.1,2.2,94.9,0.73,1.0,1.22,8.3
1.0,26.9,898.3,1.7,76.7,0.0,0.5,0.56,0.0
8.8,15.0,899.3,0.7,93.7,0.0,0.7,4.8,2.4
9.2,10.3,902.6,0.0,73.8,0.0,1.0,4.4,1.7
39.0,53.4,901.8,0.0,60.9,0.0,1.0,3.25,4.3
0.7,23.1,894.8,2.2,67.9,0.0,1.0,0.64,0.0
3.8,41.6,896.6,2.2,93.1,0.0,1.0,1.65,0.0
56.3,118.5,899.7,0.3,60.5,0.0,0.85,1.78,4.6
6.9,43.8,901.3,0.0,79.1,0.0,1.0,3.17,1.5
37.0,87.8,900.8,0.0,62.6,0.0,0.7,1.57,3.3
9.5,24.0,896.7,2.2,70.0,0.0,0.85,0.59,1.5
3.7,16.1,892.0,2.2,63.1,0.0,1.0,4.07,0.0
9.8,24.4,893.0,2.2,90.1,0.0,0.5,1.79,2.7
44.8,53.5,898.1,1.9,80.7,0.0,1.0,2.6,5.0
67.8,125.7,898.4,1.6,91.6,0.0,0.85,0.88,10.4
62.1,137.8,892.6,2.2,84.1,0.8,0.85,4.45,13.9
17.7,33.0,897.2,2.2,94.0,0.0,1.0,3.2,3.8
38.6,101.6,899.5,0.5,77.8,0.0,1.0,4.98,2.7
8.0,49.8,892.4,2.2,82.4,0.0,1.0,2.83,3.6
12.1,43.0,901.4,0.0,80.2,0.0,0.5,5.19,3.8
79.3,91.7,895.5,2.2,76.9,1.56,0.7,4.93,20.3
0.5,10.8,902.0,0.0,89.6,0.0,0.7,3.26,0.0
3.1,38.5,894.9,2.2,82.6,0.0,0.85,5.15,2.6
8.2,31.0,892.9,2.2,88.0,0.0,0.85,1.91,2.5
0.9,10.3,895.2,2.2,87.5,0.0,1.0,2.14,0.0
7.0,18.8,896.6,2.2,66.7,0.0,1.0,0.44,0.9
30.6,72.0,895.4,2.2,82.8,0.0,1.0,3.32,1.6
19.2,43.6,896.1,2.2,67.0,0.0,0.85,4.03,2.7
78.1,177.0,898.3,1.7,80.4,1.61,1.0,4.3,14.5
59.5,131.9,896.3,2.2,83.7,1.26,1.0,0.99,14.1
14.6,46.5,896.7,2.2,94.9,0.0,1.0,2.55,1.8
10.5,29.8,890.2,2.2,61.1,0.0,0.85,1.14,3.9
16.7,46.0,898.6,1.4,63.2,0.0,0.85,3.71,2.3
31.2,63.6,896.6,2.2,62.7,0.0,1.0,1.04,3.1
10.9,25.3,903.4,0.0,73.9,0.0,1.0,4.99,0.7
34.2,81.0,893.2,2.2,88.8,0.0,1.0,1.42,2.5
18.4,33.3,889.8,2.2,89.5,0.0,1.0,1.74,2.1
28.1,38.7,899.5,0.5,85.8,0.0,1.0,4.71,2.4
20.1,39.6,898.4,1.6,91.4,0.0,1.0,2.63,1.0
12.2,44.1,893.0,2.2,71.3,0.0,0.7,0.33,2.0
103.8,91.4,890.9,2.2,63.1,0.0,0.85,2.82,9.2
50.5,68.6,903.1,0.0,62.0,0.0,1.0,0.65,2.9
5.3,22.0,902.7,0.0,89.8,0.0,1.0,5.42,-0.0
71.0,92.5,889.0,2.2,85.6,1.25,1.0,3.32,13.2
23.4,78.5,895.2,2.2,84.5,0.0,1.0,1.56,2.8
78.7,136.2,903.7,0.0,71.9,0.72,0.3,3.19,21.9
56.3,105.7,895.1,2.2,73.3,1.07,0.7,0.61,17.2
19.4,61.7,895.0,2.2,93.5,0.0,1.0,4.44,1.3
0.8,11.5,895.9,2.2,62.2,0.0,0.85,5.1,0.0
11.0,46.5,892.5,2.2,87.1,0.0,1.0,4.83,0.8
27.3,60.1,890.2,2.2,70.8,0.0,1.0,2.01,1.3
35.1,67.8,901.2,0.0,61.4,0.0,0.7,1.93,5.5
10.4,26.8,889.6,2.2,86.0,0.0,1.0,0.39,1.8
5.3,42.1,898.0,2.0,71.6,0.0,0.85,3.65,1.1
63.0,129.5,900.5,0.0,85.3,0.0,0.85,3.03,5.7
140.0,229.0,891.2,2.2,84.8,0.0,0.85,2.63,17.2
26.1,68.1,893.3,2.2,78.7,0.0,0.3,5.01,10.2
6.6,16.4,901.9,0.0,87.2,0.0,0.7,1.09,0.0
11.1,18.1,899.1,0.9,80.3,0.0,0.7,0.25,1.5
0.6,21.2,894.5,2.2,70.0,0.0,0.85,0.59,0.0
86.0,186.4,901.8,0.0,85.7,0.0,1.0,1.38,7.0
4.4,24.0,901.8,0.0,80.6,0.0,0.7,0.38,0.0
30.1,53.2,898.1,1.9,60.4,0.0,0.3,2.87,7.0
11.2,37.2,893.4,2.2,91.6,0.0,0.85,1.86,0.2
28.3,81.1,895.3,2.2,79.1,0.0,0.3,1.16,10.3
36.9,77.2,898.1,1.9,90.4,0.24,1.0,4.18,4.2
62.0,90.8,896.2,2.2,90.9,0.0,1.0,1.28,6.4
8.1,26.4,900.8,0.0,75.6,0.0,1.0,3.84,1.4
0.4,6.5,890.9,2.2,77.8,0.0,0.85,2.05,0.0
5.2,30.4,891.0,2.2,74.6,0.0,0.7,2.91,2.1
80.6,183.8,897.7,2.2,75.7,0.0,1.0,5.15,7.0
72.5,129.2,895.0,2.2,91.3,0.0,0.5,0.4,19.7
31.8,69.2,894.5,2.2,87.6,0.0,0.85,2.85,3.2
32.1,82.6,889.9,2.2,64.4,0.0,0.85,4.73,4.8
38.3,64.2,897.1,2.2,81.4,0.0,0.7,3.32,5.9
6.7,37.4,896.8,2.2,94.9,0.0,1.0,1.67,0.4
86.0,168.0,899.6,0.4,80.8,0.58,0.7,2.31,15.2
19.0,74.0,897.3,2.2,87.5,0.0,1.0,3.81,2.4
16.9,36.1,896.5,2.2,86.9,0.0,1.0,4.92,0.6
25.6,72.1,901.7,0.0,72.3,0.0,0.85,0.42,3.5
1.7,34.9,891.8,2.2,73.0,0.0,0.5,0.58,0.0
6.4,14.8,899.1,0.9,85.3,0.0,0.85,1.92,1.8
46.9,75.1,890.3,2.2,77.5,0.0,0.85,1.43,7.6
3.0,39.3,893.6,2.2,80.0,0.0,0.7,1.6,1.1
32.3,62.0,892.1,2.2,85.0,0.36,1.0,1.37,6.5
9.9,26.8,900.1,0.0,87.2,0.0,0.7,1.24,0.6
17.3,35.8,896.7,2.2,69.5,0.0,0.85,0.89,2.3
11.9,44.7,896.9,2.2,65.1,0.0,1.0,5.15,2.6
15.4,22.1,892.6,2.2,70.2,0.0,0.85,0.96,1.4
44.4,54.8,895.8,2.2,77.8,0.64,1.0,1.28,9.6
12.3,13.9,893.9,2.2,72.0,0.0,1.0,1.51,2.2
29.2,79.1,898.5,1.5,79.9,0.0,1.0,5.14,3.4
22.6,81.8,893.0,2.2,61.9,0.0,1.0,4.21,0.3
38.1,118.2,902.3,0.0,77.8,0.86,0.7,4.39,12.8
96.7,237.0,890.3,2.2,72.9,0.31,0.85,0.76,17.0
46.2,56.9,893.8,2.2,78.7,0.0,0.85,4.63,6.0
8.5,47.2,903.7,0.0,74.8,0.0,1.0,2.36,0.0
1.1,22.6,895.3,2.2,69.9,0.0,0.7,1.59,0.0
10.6,21.9,891.7,2.2,91.6,0.0,1.0,3.25,1.3
31.6,80.7,897.9,2.1,66.5,0.0,0.85,4.56,1.8
1.8,32.7,895.1,2.2,83.8,0.0,1.0,4.33,0.0
24.0,68.4,893.7,2.2,92.4,0.0,0.85,4.92,1.8
31.8,79.4,892.6,2.2,78.9,0.24,1.0,5.12,3.4
14.2,22.6,908.1,0.0,90.7,0.0,0.7,1.46,2.6
51.6,83.8,896.0,2.2,64.4,0.0,0.5,2.45,9.6
3.9,33.7,889.3,2.2,77.3,0.0,0.7,0.28,2.0
2.7,13.2,903.0,0.0,76.0,0.0,1.0,4.86,0.0
45.6,67.4,899.4,0.6,60.3,0.0,1.0,1.02,4.1
23.9,75.3,893.9,2.2,75.5,0.0,0.5,4.77,6.6
40.8,65.4,893.3,2.2,72.9,0.0,0.85,1.95,5.0
20.0,44.0,899.7,0.3,83.4,0.0,0.5,2.15,5.3
9.9,50.4,896.0,2.2,92.8,0.0,0.85,0.41,1.4
59.8,128.7,889.3,2.2,63.0,0.27,0.3,1.93,18.1
56.2,91.7,904.1,0.0,71.5,0.0,0.5,4.91,9.8
41.5,82.8,895.3,2.2,75.5,0.13,0.7,0.34,8.8
11.1,28.7,903.0,0.0,75.9,0.0,1.0,2.35,1.4
31.2,72.4,902.1,0.0,87.1,0.46,0.85,0.37,7.0
15.7,33.3,893.0,2.2,75.5,0.0,0.5,2.17,3.4
3.4,16.5,901.1,0.0,61.0,0.0,0.5,1.11,1.1
87.2,137.8,894.4,2.2,84.9,1.26,1.0,1.54,17.5
5.1,23.3,889.5,2.2,91.0,0.0,0.85,4.85,1.7
105.0,158.8,895.3,2.2,78.0,2.0,0.7,2.51,27.7
20.7,32.8,898.6,1.4,80.3,0.0,0.85,1.65,3.6
7.2,40.6,895.1,2.2,65.7,0.0,0.7,3.32,2.7
27.3,69.0,895.8,2.2,67.7,0.0,0.7,0.95,3.6
72.2,90.7,901.6,0.0,68.2,1.56,0.5,1.57,18.1
46.1,74.2,897.4,2.2,75.1,1.02,1.0,3.1,11.3
57.5,108.7,893.6,2.2,92.5,0.0,1.0,1.46,6.4
37.6,59.7,899.8,0.2,78.3,0.0,1.0,3.8,2.9
41.2,105.7,897.8,2.2,66.7,0.0,0.5,2.8,11.1
66.2,65.5,889.0,2.2,69.3,0.0,0.85,4.29,6.3
10.1,44.0,898.7,1.3,73.4,0.0,1.0,5.23,0.8
23.5,51.4,898.6,1.4,81.8,0.0,1.0,0.81,1.6
8.8,42.7,897.1,2.2,75.4,0.0,0.85,1.97,2.0
140.0,222.4,900.6,0.0,73.7,0.64,0.7,1.89,22.1
100.9,119.1,894.3,2.2,79.8,1.72,0.7,1.0,25.6
1.4,11.2,898.3,1.7,68.5,0.0,0.7,4.49,0.0
42.8,94.3,890.7,2.2,62.8,0.0,1.0,4.23,5.7
90.8,155.3,898.6,1.4,60.9,0.84,0.5,2.77,20.8
7.0,29.6,904.8,0.0,68.8,0.0,1.0,3.05,0.0
29.4,85.1,893.0,2.2,63.2,0.0,0.85,0.52,5.6
86.5,111.2,894.0,2.2,71.8,1.04,1.0,3.14,13.4
1.2,36.8,894.2,2.2,87.1,0.0,1.0,4.39,0.0
41.8,103.9,897.5,2.2,85.1,0.0,1.0,3.24,4.4
12.4,53.5,892.7,2.2,81.4,0.0,0.85,1.61,1.4
90.4,217.1,898.7,1.3,89.8,0.69,0.85,3.74,18.0
124.0,219.2,900.4,0.0,69.9,0.86,1.0,2.12,13.5
101.1,204.7,899.1,0.9,91.0,0.0,1.0,3.09,8.7
22.5,47.8,889.9,2.2,74.0,0.0,0.5,2.78,5.1
69.3,161.3,901.0,0.0,74.0,0.58,1.0,2.22,9.0
65.1,144.5,900.7,0.0,74.2,0.69,1.0,4.01,8.7
13.5,42.5,900.3,0.0,63.4,0.0,0.85,4.88,3.7
61.8,97.3,898.5,1.5,94.1,0.0,0.7,0.23,13.0
1.3,15.7,897.9,2.1,64.8,0.0,1.0,5.15,0.0
31.7,59.9,901.1,0.0,71.9,0.0,0.3,2.91,6.4
9.1,20.3,904.7,0.0,71.2,0.0,0.85,3.91,0.8
4.5,9.9,893.2,2.2,62.6,0.03,0.85,4.73,1.2
2.8,36.2,901.3,0.0,65.3,0.0,1.0,2.68,0.0
41.7,71.7,896.7,2.2,61.6,0.0,0.7,4.63,6.9
14.5,31.2,896.5,2.2,70.2,0.0,1.0,1.14,0.5
45.2,109.2,890.9,2.2,90.3,0.78,0.85,1.04,11.6
2.4,16.0,895.9,2.2,71.9,0.0,1.0,3.68,0.0
13.3,51.2,893.0,2.2,64.3,0.0,0.85,4.81,2.6
27.1,67.4,895.1,2.2,82.6,0.0,0.5,4.93,5.8
54.7,94.2,892.6,2.2,94.9,0.0,0.7,3.61,7.3
13.4,16.4,895.2,2.2,68.1,0.0,1.0,2.99,2.2
34.4,69.4,895.4,2.2,69.8,0.28,0.85,1.96,5.6
76.0,121.4,897.4,2.2,94.0,1.65,0.85,5.39,18.4
33.5,68.9,890.5,2.2,66.3,0.0,1.0,1.89,2.2
9.3,35.9,891.2,2.2,77.9,0.0,0.85,4.14,3.2
0.9,2.7,898.4,1.6,68.4,0.0,1.0,3.02,0.0
71.4,158.8,893.8,2.2,92.6,0.93,0.85,3.43,15.6
0.8,7.0,901.3,0.0,94.4,0.0,0.7,2.29,0.0
72.7,158.2,897.9,2.1,88.5,0.29,1.0,5.31,7.1
26.3,28.8,899.4,0.6,71.0,0.0,1.0,3.23,1.1
97.9,137.8,902.6,0.0,74.1,1.94,1.0,5.17,16.9
56.1,142.2,895.8,2.2,68.5,0.91,0.3,0.24,26.3
140.0,233.9,894.7,2.2,91.2,0.0,0.7,3.24,22.9
15.1,39.9,900.5,0.0,92.0,0.0,1.0,4.0,3.7
51.0,101.6,899.0,1.0,74.7,0.96,0.85,4.15,10.7
18.0,40.9,896.3,2.2,83.0,0.0,1.0,5.0,0.7
22.9,67.4,902.6,0.0,65.8,0.0,0.85,0.22,4.2
34.6,98.0,896.2,2.2,75.2,0.0,0.85,0.2,7.8
72.4,156.2,897.1,2.2,82.1,0.78,0.3,2.7,25.6
140.0,178.6,897.1,2.2,73.5,1.76,1.0,0.36,27.6
51.2,141.9,893.3,2.2,72.5,0.0,0.85,5.37,8.4
18.9,23.2,897.3,2.2,60.0,0.0,0.7,1.38,2.5
19.1,60.1,902.6,0.0,88.2,0.0,0.7,2.71,3.3
46.8,96.9,898.8,1.2,91.1,0.32,0.85,0.52,10.2
9.5,30.3,897.1,2.2,93.9,0.0,0.7,2.97,2.1
4.1,17.9,896.4,2.2,85.2,0.0,1.0,2.21,0.0
15.3,33.2,898.3,1.7,79.2,0.05,0.85,0.44,2.7
11.9,46.6,900.0,0.0,69.4,0.0,0.5,1.98,2.9
12.3,35.9,899.4,0.6,95.0,0.0,0.5,2.27,0.4
9.3,32.8,895.7,2.2,80.6,0.0,0.7,5.45,1.1
1.5,31.0,898.3,1.7,83.8,0.0,0.85,1.3,0.0
0.6,28.6,898.9,1.1,83.9,0.0,0.7,3.09,0.0
140.0,250.0,893.0,2.2,89.6,0.0,1.0,5.43,13.5
19.5,34.2,897.7,2.2,60.3,0.0,1.0,4.4,0.6
17.0,47.7,889.0,2.2,67.7,0.0,0.7,5.46,3.5
39.8,67.0,898.9,1.1,83.3,0.0,1.0,5.33,2.0
8.6,33.5,899.6,0.4,91.3,0.0,0.3,2.79,4.6
104.8,198.0,900.0,0.0,84.0,1.64,0.85,3.89,20.2
54.0,126.4,895.4,2.2,74.5,0.0,0.85,0.79,6.1
3.3,9.7,898.2,1.8,72.7,0.0,0.7,2.54,1.9
18.9,44.4,902.7,0.0,85.8,0.0,0.7,4.49,2.3
74.0,142.7,902.7,0.0,85.9,0.0,0.85,2.88,10.2
101.3,206.5,896.9,2.2,81.2,0.0,1.0,3.92,9.5
22.0,73.9,897.6,2.2,70.2,0.0,0.7,4.15,5.3
33.3,83.0,901.4,0.0,92.4,0.0,1.0,1.54,3.8
6.4,35.5,891.0,2.2,79.3,0.0,1.0,4.84,0.7
140.0,245.7,895.7,2.2,87.7,0.47,0.85,2.64,21.6
9.2,52.2,902.3,0.0,67.5,0.0,1.0,1.31,1.8
100.1,195.2,900.9,0.0,72.0,1.76,0.3,4.79,34.2
36.7,57.7,898.5,1.5,90.6,0.0,0.85,2.41,3.9
32.8,72.8,891.0,2.2,61.8,0.0,0.3,4.18,9.3
25.2,70.2,896.8,2.2,77.9,0.0,1.0,3.1,0.1
9.2,34.1,894.6,2.2,76.9,0.0,0.3,2.22,5.2
6.8,47.8,898.3,1.7,86.3,0.0,1.0,4.49,1.9
8.7,19.4,893.8,2.2,69.9,0.0,1.0,3.3,1.9
7.2,15.8,892.9,2.2,67.7,0.0,1.0,2.27,1.8
52.9,90.0,889.0,2.2,92.4,0.92,0.85,0.78,14.0
15.1,41.1,901.9,0.0,80.0,0.0,1.0,4.95,1.0
2.1,34.9,895.4,2.2,63.7,0.0,0.85,0.39,0.0
121.7,250.0,897.6,2.2,66.8,0.0,1.0,4.77,10.7
75.3,171.7,897.0,2.2,95.0,0.96,1.0,2.11,13.6
92.0,123.1,892.7,2.2,66.8,1.09,0.85,3.59,16.3
140.0,250.0,892.0,2.2,81.4,2.0,1.0,5.09,24.3
6.7,37.9,893.0,2.2,74.7,0.0,0.7,1.0,0.8
17.7,43.0,894.1,2.2,91.0,0.0,0.85,3.2,0.8
49.7,72.3,898.5,1.5,86.4,0.26,0.5,4.25,10.5
41.7,118.8,893.8,2.2,80.9,0.0,0.85,4.22,5.4
5.8,38.6,904.0,0.0,60.4,0.0,0.3,2.99,3.6
59.2,95.5,901.1,0.0,90.8,0.18,0.85,3.51,8.8
8.9,20.1,900.2,0.0,75.6,0.0,0.3,4.21,2.6
8.9,52.1,896.5,2.2,92.6,0.0,1.0,4.66,1.6
26.9,52.2,903.1,0.0,77.3,0.0,0.7,4.24,4.3
31.5,52.4,896.1,2.2,84.3,0.62,0.7,2.08,8.6
30.4,49.0,896.9,2.2,62.4,0.0,1.0,5.48,1.1
3.4,35.7,897.7,2.2,86.1,0.0,0.85,2.5,1.3
73.5,158.5,899.8,0.2,71.8,1.19,0.7,0.33,18.3
10.8,20.1,899.5,0.5,72.3,0.0,0.85,2.12,2.1
4.9,30.9,895.1,2.2,64.2,0.0,1.0,0.88,0.3
76.9,165.3,894.9,2.2,65.1,1.15,0.7,0.84,20.7
109.0,229.1,899.6,0.4,66.5,0.0,1.0,1.69,6.9
69.3,74.4,899.9,0.1,71.5,0.81,0.7,0.48,11.4
58.0,128.7,895.4,2.2,91.2,1.08,1.0,3.85,13.6
37.3,90.5,890.7,2.2,72.9,0.0,1.0,0.59,5.5
28.0,49.2,896.2,2.2,85.4,0.0,1.0,1.28,1.9
3.2,9.1,899.5,0.5,62.9,0.0,0.85,0.69,1.2
18.4,64.9,904.2,0.0,80.7,0.0,0.3,0.53,5.2
16.3,62.5,892.2,2.2,76.9,0.0,1.0,1.62,2.6
10.5,25.3,895.3,2.2,94.2,0.0,1.0,3.23,0.4
45.0,74.7,895.4,2.2,89.6,0.0,0.85,5.31,5.9
24.0,54.0,902.4,0.0,75.9,0.0,0.7,4.84,1.7
3.0,44.5,896.9,2.2,87.1,0.0,0.85,4.84,0.0
8.7,32.4,893.4,2.2,66.8,0.0,1.0,1.13,1.3
40.2,67.2,899.2,0.8,79.7,0.0,0.85,1.6,3.9
2.8,8.5,895.4,2.2,62.6,0.0,1.0,0.6,0.0
66.7,99.9,892.1,2.2,72.2,0.0,0.85,4.33,8.6
23.9,79.9,893.4,2.2,67.9,0.0,1.0,0.57,5.0
22.9,64.0,903.9,0.0,85.2,0.0,0.7,3.15,5.1
31.4,72.4,898.5,1.5,77.2,0.18,0.5,1.51,7.4
60.9,134.3,897.4,2.2,86.3,0.0,0.7,1.49,13.5
15.0,46.7,896.0,2.2,78.0,0.0,0.85,5.45,0.5
39.7,105.2,898.2,1.8,63.0,0.0,0.85,4.21,4.4
29.2,43.7,898.1,1.9,85.7,0.0,1.0,4.64,2.6
10.9,57.5,898.2,1.8,89.2,0.0,0.7,3.23,5.1
73.8,136.6,897.5,2.2,91.6,1.4,0.85,4.82,18.9
55.9,109.9,900.5,0.0,80.0,0.0,0.5,3.62,10.4
37.6,80.2,897.1,2.2,86.4,0.0,1.0,5.21,2.4
66.5,147.4,893.1,2.2,86.3,0.0,0.7,1.69,13.7
70.7,83.3,894.6,2.2,65.5,0.46,0.7,3.36,10.8
43.1,59.1,889.1,2.2,65.7,0.0,1.0,3.86,3.4
63.5,147.5,905.1,0.0,62.5,0.0,0.7,2.28,7.7
41.8,65.5,900.5,0.0,71.2,0.0,0.5,4.86,7.3
39.9,117.1,893.7,2.2,76.6,0.0,0.5,5.39,11.0
33.7,76.9,895.9,2.2,94.9,0.0,0.7,2.82,5.2
48.9,57.9,894.5,2.2,75.1,0.0,1.0,2.27,5.5
6.0,40.4,903.2,0.0,85.4,0.0,0.5,2.7,3.5
74.5,132.2,891.3,2.2,84.3,0.72,0.7,4.72,16.7
71.9,92.7,897.5,2.2,67.2,0.0,1.0,3.62,5.2
1.0,33.2,896.6,2.2,62.0,0.0,1.0,0.44,0.0
61.2,131.2,900.3,0.0,79.1,0.0,1.0,3.07,4.4
4.8,13.0,896.6,2.2,84.5,0.0,1.0,0.29,0.5
14.3,37.5,890.0,2.2,94.9,0.0,0.7,4.33,3.0
47.6,112.6,896.0,2.2,72.6,0.0,1.0,1.94,5.6
6.1,27.1,893.1,2.2,91.4,0.0,1.0,2.7,1.7
59.6,121.4,897.3,2.2,73.4,0.0,0.85,4.43,5.9
62.5,61.3,902.7,0.0,84.1,0.0,0.85,0.45,6.9
24.8,76.4,890.0,2.2,80.9,0.0,1.0,1.04,4.0
0.2,17.8,893.8,2.2,61.9,0.0,1.0,2.31,0.0
11.8,28.8,894.8,2.2,62.7,0.0,1.0,1.42,1.6
33.6,76.6,895.5,2.2,60.7,0.44,0.7,1.99,8.7
139.1,250.0,900.0,0.0,73.0,0.0,1.0,5.49,8.3
35.0,82.9,896.3,2.2,86.1,0.14,0.85,4.57,5.2
10.5,22.0,898.7,1.3,66.0,0.0,1.0,4.88,1.5
35.2,73.8,894.5,2.2,81.2,0.0,1.0,5.17,2.5
27.2,67.0,897.9,2.1,70.1,0.0,0.85,2.01,4.6
53.0,55.3,900.1,0.0,87.9,0.0,1.0,1.77,5.5
4.0,37.7,894.1,2.2,87.9,0.0,1.0,1.44,1.6
50.1,89.3,900.1,0.0,87.1,0.96,1.0,4.6,11.7
27.3,49.7,897.2,2.2,78.4,0.0,1.0,3.8,2.3
115.4,136.3,901.2,0.0,70.0,2.0,0.7,1.45,24.6
14.6,22.9,896.2,2.2,88.3,0.0,1.0,2.2,1.8
35.0,77.0,898.5,1.5,66.5,0.0,0.5,2.89,7.3
94.1,154.4,896.8,2.2,70.1,0.61,0.7,3.0,17.7
3.8,18.7,896.6,2.2,66.4,0.0,0.7,4.91,0.0
96.9,136.8,898.0,2.0,83.6,1.61,1.0,2.22,19.3
40.8,50.2,899.1,0.9,84.0,0.0,0.7,5.02,3.8
2.5,39.4,892.0,2.2,82.8,0.0,1.0,2.54,0.0
12.5,40.4,902.7,0.0,74.5,0.0,1.0,4.16,1.6
43.1,108.0,889.6,2.2,63.5,0.0,1.0,5.13,2.8
2.4,38.1,894.3,2.2,91.9,0.0,0.5,5.01,3.3
30.5,55.5,896.6,2.2,77.8,0.0,1.0,0.5,3.6
14.9,32.4,898.6,1.4,74.2,0.32,0.5,1.29,6.4
33.9,60.2,903.3,0.0,80.6,0.0,1.0,2.73,2.2
1.6,17.4,889.6,2.2,66.7,0.0,0.5,2.49,0.0
71.8,158.6,895.0,2.2,64.6,0.0,0.5,3.6,15.5
127.1,218.7,889.0,2.2,74.2,1.23,0.5,5.21,28.9
121.4,195.1,897.1,2.2,68.0,0.0,0.85,0.8,15.2
48.5,71.3,898.1,1.9,68.6,0.0,0.5,2.59,7.5
4.9,13.2,903.4,0.0,91.2,0.0,0.3,1.22,0.6
49.7,64.8,897.5,2.2,78.6,0.0,1.0,4.94,3.6
0.9,17.1,901.2,0.0,76.9,0.0,0.85,5.31,0.0
0.8,38.8,899.3,0.7,84.1,0.0,0.7,2.74,0.0
13.7,37.4,895.3,2.2,93.3,0.0,1.0,0.75,3.3
23.5,59.0,891.4,2.2,63.9,0.0,0.7,4.36,3.2
51.5,81.8,898.1,1.9,89.2,0.0,1.0,3.89,2.6
40.2,81.5,891.0,2.2,80.4,0.32,0.85,2.08,7.0
20.7,24.5,902.2,0.0,65.1,0.0,1.0,4.9,0.1
11.2,34.0,896.4,2.2,70.4,0.0,1.0,5.37,-0.0
140.0,245.5,901.8,0.0,76.9,1.68,1.0,3.16,20.5
19.4,33.9,895.1,2.2,84.2,0.0,0.7,3.2,2.7
21.0,60.7,898.1,1.9,68.5,0.0,1.0,1.78,0.7
6.3,7.9,897.8,2.2,78.7,0.0,0.7,3.3,1.3
55.4,125.0,896.8,2.2,84.0,0.0,0.7,2.53,11.2
41.4,78.0,895.3,2.2,75.7,0.0,0.85,1.8,6.0
8.7,31.2,898.6,1.4,90.2,0.0,1.0,0.56,0.0
3.0,27.4,893.3,2.2,90.4,0.0,1.0,1.54,0.0
39.9,100.2,892.2,2.2,76.5,0.0,0.85,1.25,6.1
37.2,64.2,902.0,0.0,94.1,0.83,1.0,3.07,7.9
11.2,52.7,899.9,0.1,62.6,0.0,0.85,3.39,1.3
105.5,170.2,897.3,2.2,60.1,0.0,0.3,3.43,21.4
5.7,12.7,903.7,0.0,73.3,0.0,1.0,2.26,0.0
19.8,25.4,895.9,2.2,81.0,0.0,0.85,2.43,4.4
100.6,175.4,902.3,0.0,82.0,0.0,0.3,4.62,22.8
19.0,35.1,897.7,2.2,76.7,0.0,0.5,2.72,4.5
35.6,50.6,892.9,2.2,64.4,0.55,0.5,5.44,8.9
17.7,51.3,904.4,0.0,66.0,0.0,0.7,2.53,3.0
11.2,27.3,901.0,0.0,89.8,0.0,1.0,3.64,0.8
140.0,250.0,896.5,2.2,90.4,0.0,0.5,0.47,34.0
18.4,40.1,899.9,0.1,83.6,0.0,0.5,3.66,2.4
78.6,84.2,895.4,2.2,83.2,0.0,0.85,4.71,8.9
9.1,26.3,900.3,0.0,80.9,0.0,0.85,5.2,1.3
8.4,47.1,889.0,2.2,67.1,0.0,0.85,5.49,2.4
1.1,25.9,892.9,2.2,75.0,0.0,1.0,1.7,0.0
36.9,55.7,900.9,0.0,84.4,0.0,1.0,3.25,2.0
16.1,37.5,896.0,2.2,78.8,0.0,0.85,2.59,3.3
69.9,134.2,897.8,2.2,60.7,0.0,0.85,3.19,8.4
22.4,60.6,891.6,2.2,93.4,0.0,0.85,1.03,4.6
120.7,185.0,904.4,0.0,89.6,0.53,1.0,4.74,15.2
7.2,18.1,901.8,0.0,69.1,0.0,0.7,5.02,3.2
71.0,156.7,896.2,2.2,81.6,0.58,1.0,2.58,10.9
52.5,77.2,895.4,2.2,92.3,0.0,1.0,1.69,6.5
51.6,44.8,901.1,0.0,63.4,0.0,0.85,0.95,4.9
65.2,159.4,904.9,0.0,77.6,0.0,0.85,3.82,7.0
50.1,69.7,900.8,0.0,76.0,1.12,1.0,1.85,9.6
34.4,56.9,905.7,0.0,74.4,0.0,0.85,5.02,4.0
4.9,13.9,893.3,2.2,89.2,0.0,0.7,3.76,0.1
1.2,24.6,893.7,2.2,73.3,0.0,0.85,3.62,0.0
88.8,156.2,892.2,2.2,62.2,0.0,0.85,3.16,9.7
33.6,96.5,898.8,1.2,62.3,0.0,1.0,0.44,2.1
55.7,108.1,897.7,2.2,61.5,1.08,0.85,5.14,12.3
23.0,71.8,896.4,2.2,74.3,0.0,0.5,3.53,7.7
4.4,8.1,900.2,0.0,85.1,0.0,0.85,5.47,0.6
4.7,32.0,901.9,0.0,67.1,0.0,0.7,3.05,1.6
40.5,97.7,890.9,2.2,82.6,0.0,0.85,3.96,5.8
19.7,74.0,894.6,2.2,84.0,0.0,0.7,0.5,5.8
7.8,16.4,900.3,0.0,68.9,0.0,0.5,3.55,1.2
23.7,84.0,895.1,2.2,81.0,0.0,0.7,4.25,5.6
2.3,27.9,893.8,2.2,84.0,0.0,0.5,4.33,0.9
30.5,98.4,901.1,0.0,76.3,0.0,0.85,4.28,3.1
11.0,19.6,891.8,2.2,71.8,0.0,0.5,1.4,1.6
55.9,129.3,895.8,2.2,81.7,0.39,0.85,5.37,10.0
13.0,54.5,898.3,1.7,94.2,0.0,0.5,5.47,4.8
21.3,25.3,894.7,2.2,74.9,0.0,1.0,0.6,2.4
0.4,33.3,900.1,0.0,73.7,0.0,0.7,5.16,0.0
2.6,6.3,894.7,2.2,76.2,0.0,0.7,1.73,0.9
17.4,61.2,902.6,0.0,62.7,0.0,1.0,3.85,0.7
22.9,36.0,896.5,2.2,79.4,0.0,0.7,1.99,2.6
32.1,81.8,899.7,0.3,71.5,0.0,0.7,5.33,4.4
12.1,43.3,900.0,0.0,64.2,0.0,1.0,0.74,0.0
41.6,47.4,894.5,2.2,76.3,0.0,0.85,2.84,4.7
68.8,98.3,889.0,2.2,60.1,0.82,0.85,2.47,11.2
53.0,62.6,898.4,1.6,74.1,0.0,0.85,1.93,5.2
1.4,26.3,897.3,2.2,63.7,0.0,1.0,3.62,0.0
22.9,50.0,899.2,0.8,60.9,0.0,1.0,0.89,2.6
3.9,37.3,896.1,2.2,88.9,0.0,1.0,4.0,1.3
9.7,28.2,895.3,2.2,92.1,0.0,1.0,5.4,0.9
140.0,189.2,905.0,0.0,67.3,0.0,1.0,4.46,9.7
5.4,22.0,891.1,2.2,78.9,0.0,0.7,4.76,0.0
24.2,28.3,899.9,0.1,69.7,0.0,0.85,2.11,3.9
33.7,43.6,894.7,2.2,77.3,0.0,0.7,1.92,5.6
42.4,84.1,895.7,2.2,75.3,0.0,1.0,2.94,3.8
28.7,80.2,895.7,2.2,69.4,0.0,0.85,0.44,4.1
0.3,13.6,893.8,2.2,84.5,0.0,1.0,5.21,0.0
13.8,42.7,899.3,0.7,64.4,0.0,0.7,0.96,3.2
25.5,67.8,902.6,0.0,61.9,0.0,0.7,4.99,4.6
3.2,24.2,898.9,1.1,86.9,0.0,0.5,0.64,2.5
15.1,32.0,897.4,2.2,83.3,0.0,1.0,4.56,0.6
1.2,4.7,893.1,2.2,77.4,0.0,0.7,1.01,0.0
2.9,24.0,899.1,0.9,76.4,0.0,0.85,0.4,0.9
17.7,55.6,905.6,0.0,77.4,0.0,0.7,4.01,4.1
5.0,38.4,895.5,2.2,75.3,0.0,0.85,1.69,1.2
29.3,28.8,895.5,2.2,73.8,0.0,0.85,3.99,4.4
40.9,57.4,894.8,2.2,77.5,0.0,1.0,3.14,3.6
56.4,99.5,895.0,2.2,78.5,1.24,0.7,0.78,17.8
7.8,43.4,889.0,2.2,84.2,0.0,1.0,5.14,1.4
6.4,31.3,898.6,1.4,84.9,0.0,1.0,2.6,1.8
3.9,33.1,893.6,2.2,73.2,0.0,1.0,4.09,0.0
35.4,35.5,890.6,2.2,74.5,0.0,0.3,2.86,5.1
42.9,105.6,900.0,0.0,73.1,0.0,1.0,3.4,2.5
1.1,32.6,892.7,2.2,78.8,0.0,0.5,1.8,0.0
96.3,96.9,895.6,2.2,75.9,0.0,0.3,1.26,18.2
1.9,32.2,902.9,0.0,91.1,0.0,0.5,3.08,0.0
27.3,37.7,891.4,2.2,84.4,0.0,0.5,2.53,5.6
43.2,85.9,890.9,2.2,91.5,0.0,0.5,2.27,10.9
71.7,120.0,898.1,1.9,84.8,1.59,1.0,3.76,16.2
43.8,47.0,901.6,0.0,94.0,0.37,1.0,3.86,7.1
56.6,134.6,890.7,2.2,82.3,0.25,0.85,0.44,10.4
14.5,33.4,898.6,1.4,93.7,0.16,0.85,2.0,2.3
59.0,138.6,899.3,0.7,65.5,0.79,1.0,2.38,9.8
2.9,22.1,889.0,2.2,61.8,0.0,0.7,0.71,1.1
78.8,168.1,900.2,0.0,80.3,0.58,0.85,1.45,11.1
27.8,23.9,900.5,0.0,94.4,0.0,0.5,0.47,2.5
59.5,114.4,895.8,2.2,74.6,0.0,0.85,5.48,6.0
21.1,55.4,902.0,0.0,67.4,0.0,0.85,4.1,2.3
36.1,88.1,901.5,0.0,78.3,0.0,0.85,0.66,4.7
26.2,88.9,897.4,2.2,82.7,0.0,0.85,0.31,5.0
46.0,119.5,895.2,2.2,71.0,0.0,0.3,4.01,14.5
3.0,40.4,893.1,2.2,85.0,0.04,1.0,2.53,0.1
2.2,22.1,896.8,2.2,94.1,0.0,0.85,4.37,1.9
9.9,17.1,899.3,0.7,91.4,0.0,0.7,5.09,4.1
6.1,35.2,895.7,2.2,70.2,0.0,0.85,3.38,0.8
71.9,103.7,889.0,2.2,71.4,0.0,1.0,1.19,7.7
8.7,29.3,902.1,0.0,73.0,0.0,1.0,4.35,1.0
130.3,206.2,897.8,2.2,73.8,0.76,1.0,5.27,14.9
14.4,47.7,895.5,2.2,63.5,0.0,1.0,3.28,1.7
7.0,17.5,900.4,0.0,86.7,0.0,0.5,3.81,2.1
54.6,92.6,903.1,0.0,72.8,0.85,0.85,1.99,9.9
37.6,81.0,889.0,2.2,90.8,0.0,1.0,2.22,5.3
24.1,54.9,898.7,1.3,92.4,0.0,0.85,4.09,3.4
28.4,84.1,891.3,2.2,60.9,0.0,1.0,5.12,1.5
44.5,106.4,899.0,1.0,94.6,0.69,0.5,3.53,17.4
9.1,47.6,897.5,2.2,84.9,0.0,0.85,4.39,1.6
140.0,159.8,899.5,0.5,78.2,1.97,0.3,1.11,37.0
128.8,233.2,895.0,2.2,73.6,1.72,1.0,1.32,23.5
36.8,52.4,889.5,2.2,78.1,0.0,0.7,3.02,5.1
7.8,48.0,895.2,2.2,71.4,0.0,1.0,1.14,1.2
39.9,74.5,898.6,1.4,81.8,0.0,1.0,3.57,2.5
2.6,20.7,901.1,0.0,63.3,0.0,1.0,1.75,0.7
1.1,32.7,892.3,2.2,81.7,0.0,0.85,4.4,0.0
10.4,55.2,901.1,0.0,69.6,0.18,1.0,4.48,0.4
21.7,68.6,894.4,2.2,60.6,0.0,0.85,2.66,4.8
70.9,98.9,898.4,1.6,79.3,0.0,0.7,1.16,9.4
45.5,57.8,895.0,2.2,80.2,0.0,1.0,3.63,2.1
47.5,88.6,897.7,2.2,74.9,0.0,1.0,5.46,2.5
19.4,56.3,900.6,0.0,62.5,0.0,0.7,3.5,4.9
14.9,64.1,892.1,2.2,91.3,0.0,0.85,0.39,1.5
16.2,17.5,894.3,2.2,81.4,0.0,0.7,0.29,2.0
140.0,250.0,897.7,2.2,64.0,0.0,0.85,1.9,15.1
1.4,27.2,906.6,0.0,77.9,0.0,0.85,1.24,0.0
70.6,186.7,893.5,2.2,77.4,0.31,1.0,4.51,7.3
30.3,42.3,905.2,0.0,62.1,0.42,0.5,4.68,6.4
20.2,72.2,905.0,0.0,81.2,0.0,0.5,1.57,7.8
45.2,79.8,896.6,2.2,88.3,0.0,0.3,1.93,10.6
23.3,47.1,895.8,2.2,86.2,0.0,0.85,1.45,3.4
72.3,90.0,894.2,2.2,67.1,0.34,0.7,5.01,11.0
80.8,92.5,896.7,2.2,90.2,1.81,0.85,2.86,19.8
19.2,61.7,891.4,2.2,72.0,0.0,0.85,3.68,3.2
11.3,25.7,896.7,2.2,93.1,0.0,0.7,2.4,1.8
31.4,70.5,903.0,0.0,62.5,0.0,1.0,3.54,2.1
85.2,175.3,894.6,2.2,77.0,1.91,1.0,2.25,19.3
8.3,21.3,896.0,2.2,80.9,0.09,1.0,2.0,0.0
34.1,39.9,890.2,2.2,68.7,0.0,0.7,3.56,5.5
34.9,62.5,898.5,1.5,87.0,0.0,0.85,3.33,6.4
46.2,78.0,898.1,1.9,81.9,0.28,0.85,1.76,7.5
4.9,38.9,897.3,2.2,60.6,0.0,0.3,0.99,3.0
44.0,75.1,896.1,2.2,81.3,0.0,0.85,2.15,7.2
83.9,116.2,895.8,2.2,77.2,0.0,1.0,2.4,9.6
6.9,36.1,899.0,1.0,66.9,0.0,0.85,3.53,1.0
9.5,22.9,896.9,2.2,94.9,0.0,0.7,5.05,1.6
124.4,172.3,898.3,1.7,91.4,2.0,1.0,0.39,28.2
7.0,24.4,897.9,2.1,70.2,0.0,0.85,1.49,0.0
67.4,88.4,901.5,0.0,78.9,1.26,1.0,1.23,12.1
23.7,56.6,899.7,0.3,71.1,0.0,0.85,2.86,4.4
9.9,35.4,897.8,2.2,87.1,0.0,1.0,2.48,0.8
71.6,137.3,903.1,0.0,92.6,0.0,1.0,4.06,4.9
20.6,40.7,898.7,1.3,72.6,0.0,0.85,1.48,3.0
25.3,54.0,902.2,0.0,88.2,0.0,0.5,3.35,4.7
15.6,43.4,899.4,0.6,77.4,0.0,0.7,4.88,2.7
31.5,78.4,889.6,2.2,73.9,0.0,0.5,5.03,6.1
6.2,27.4,902.2,0.0,92.8,0.0,0.7,5.28,0.5
17.4,32.1,897.5,2.2,77.9,0.0,1.0,4.3,2.2
122.1,250.0,896.8,2.2,76.4,2.0,1.0,5.0,22.0
10.5,45.1,898.1,1.9,83.5,0.0,0.5,1.44,3.1
37.4,46.0,895.6,2.2,69.1,0.19,0.85,1.25,5.8
13.8,47.7,897.9,2.1,71.4,0.0,0.3,0.23,5.4
52.0,105.5,894.6,2.2,92.6,0.0,1.0,3.95,4.4
4.9,22.0,902.1,0.0,83.7,0.0,1.0,5.17,1.5
122.5,126.2,896.5,2.2,88.9,2.0,0.85,1.19,29.5
21.2,41.0,895.5,2.2,69.5,0.0,1.0,3.58,1.7
9.4,36.0,893.3,2.2,79.0,0.0,1.0,4.16,1.0
2.7,5.9,898.1,1.9,94.0,0.0,0.85,5.12,0.4
6.5,49.1,897.7,2.2,71.2,0.12,0.85,3.63,2.7
25.7,57.8,898.6,1.4,65.6,0.27,1.0,5.34,2.5
14.4,50.8,892.9,2.2,77.9,0.0,1.0,2.03,2.2
61.8,84.6,890.6,2.2,73.6,0.0,0.7,2.05,9.2
19.7,43.4,899.5,0.5,65.6,0.0,0.85,3.08,1.8
10.0,30.2,902.9,0.0,91.1,0.0,0.85,2.23,0.9
33.6,65.4,892.9,2.2,94.7,0.0,0.85,0.21,7.4
42.9,127.4,903.4,0.0,79.9,0.0,0.5,4.08,10.9
6.4,25.1,898.1,1.9,87.1,0.0,0.85,4.18,0.4
6.4,46.7,897.0,2.2,90.1,0.0,0.5,4.16,3.2
1.3,24.6,895.4,2.2,84.5,0.0,0.85,2.03,0.0
46.7,79.0,891.5,2.2,61.5,0.0,1.0,2.97,1.9
38.2,98.2,901.0,0.0,65.5,0.0,0.85,2.11,3.7
22.5,31.5,893.9,2.2,62.5,0.0,0.85,0.28,4.5
65.1,140.2,893.9,2.2,60.3,0.55,0.85,3.18,10.5
57.3,72.0,901.0,0.0,70.7,0.23,0.7,0.86,8.0
30.8,77.0,889.5,2.2,73.7,0.0,1.0,0.62,4.7
70.9,126.3,890.9,2.2,68.4,0.6,0.7,4.2,14.6
8.1,34.4,896.9,2.2,62.3,0.0,0.7,0.25,1.9
4.2,45.8,898.2,1.8,78.5,0.0,0.7,5.28,1.9
11.0,31.0,898.9,1.1,69.6,0.0,0.85,2.93,2.3
2.1,20.3,895.8,2.2,87.9,0.0,0.3,5.41,2.9
26.5,32.7,907.1,0.0,60.3,0.0,0.85,0.51,2.0
96.5,203.0,896.1,2.2,89.5,1.48,1.0,3.29,18.3
1.4,32.8,896.1,2.2,93.4,0.0,0.7,2.05,0.0
4.6,28.8,893.8,2.2,85.1,0.07,1.0,4.67,2.2
21.1,69.7,897.5,2.2,85.7,0.0,0.7,2.11,5.8
95.1,127.1,899.5,0.5,92.7,1.36,1.0,1.58,17.5
13.3,51.2,901.8,0.0,67.3,0.0,1.0,4.75,0.0
24.8,55.6,891.0,2.2,94.8,0.06,1.0,2.19,2.8
1.5,11.6,896.0,2.2,87.1,0.0,0.85,0.29,0.0
5.6,11.9,898.8,1.2,85.4,0.0,1.0,2.27,1.9
140.0,126.9,899.3,0.7,72.6,2.0,1.0,3.67,21.6
117.5,148.6,897.0,2.2,79.1,0.47,0.7,1.55,21.7
0.2,4.9,899.2,0.8,82.9,0.0,0.7,2.49,0.0
106.1,158.1,893.8,2.2,81.7,0.0,0.7,0.5,19.2
35.7,78.0,903.2,0.0,84.7,0.0,0.7,3.32,6.1
70.9,153.1,901.0,0.0,62.9,0.0,0.85,4.21,8.4
21.2,37.5,891.6,2.2,72.4,0.0,0.5,2.39,4.0
25.4,56.0,892.7,2.2,75.2,0.0,0.85,2.43,0.8
23.5,53.0,892.8,2.2,69.1,0.0,0.85,0.67,2.1
38.5,89.2,899.7,0.3,66.0,0.0,0.7,1.27,6.1
5.3,46.3,891.9,2.2,64.9,0.0,1.0,1.02,0.0
1.1,11.2,895.7,2.2,72.8,0.0,0.7,2.75,0.0
12.9,44.7,898.8,1.2,77.3,0.0,0.85,3.01,1.9
42.7,69.0,896.7,2.2,62.2,0.0,1.0,5.23,0.5
7.9,40.4,898.0,2.0,93.1,0.0,1.0,0.59,0.7
39.2,92.4,892.7,2.2,86.8,0.0,1.0,3.38,2.6
122.6,167.6,899.4,0.6,85.6,0.0,0.5,2.99,19.1
3.5,13.1,894.5,2.2,66.1,0.0,0.3,2.94,0.6
39.1,103.8,895.7,2.2,81.1,0.59,0.85,4.83,7.8
20.5,43.5,898.0,2.0,78.5,0.0,1.0,1.29,2.6
70.9,142.7,897.4,2.2,94.4,0.52,1.0,0.42,14.6
6.8,42.0,897.1,2.2,86.2,0.1,0.7,3.76,2.5
41.3,91.7,894.0,2.2,80.2,0.0,1.0,2.03,3.5
63.7,151.5,895.8,2.2,89.8,0.49,0.5,0.29,21.4
101.3,199.9,897.0,2.2,65.4,0.0,0.7,1.53,15.5
40.2,111.2,891.5,2.2,60.5,0.0,0.5,1.84,9.0
24.1,59.5,895.1,2.2,84.2,0.0,0.85,3.47,1.7
33.7,34.0,898.6,1.4,63.4,0.51,0.7,1.11,5.8
71.1,124.7,891.9,2.2,64.0,0.0,0.85,2.39,9.7
29.6,69.2,901.6,0.0,86.1,0.0,0.7,2.76,4.2
1.1,39.3,902.1,0.0,69.5,0.0,0.7,2.63,0.0
93.6,178.6,892.0,2.2,82.0,1.69,0.85,5.36,20.9
40.9,78.9,902.4,0.0,92.1,0.0,0.85,0.44,3.3
39.5,82.0,896.4,2.2,71.1,0.0,0.5,5.24,8.2
8.5,47.3,898.7,1.3,67.6,0.0,0.5,3.28,3.5
37.6,82.8,895.0,2.2,63.7,0.0,0.7,4.42,5.8
17.5,65.9,900.7,0.0,64.6,0.0,1.0,2.48,1.0
36.9,76.1,898.6,1.4,62.2,0.41,1.0,2.61,4.6
3.9,15.6,893.7,2.2,63.1,0.0,0.5,4.86,0.0
37.5,101.5,892.3,2.2,75.1,0.0,1.0,4.95,2.9
140.0,246.4,891.2,2.2,71.2,0.0,1.0,1.47,14.5
1.7,12.0,897.8,2.2,84.7,0.0,1.0,1.26,0.0
132.3,250.0,899.3,0.7,90.5,2.0,0.85,2.83,28.1
18.3,53.7,899.6,0.4,87.5,0.0,0.85,4.97,2.4
71.6,165.0,896.5,2.2,78.6,1.36,1.0,1.91,15.7
53.4,75.2,892.4,2.2,63.6,0.0,1.0,3.66,5.4
29.3,51.7,894.3,2.2,84.8,0.0,0.7,3.95,4.1
46.9,107.8,901.6,0.0,72.7,0.72,0.5,4.33,14.8
73.8,131.0,895.1,2.2,63.0,1.01,1.0,3.19,10.8
18.1,39.3,897.6,2.2,89.5,0.0,1.0,2.33,2.2
13.9,50.9,892.7,2.2,71.8,0.0,0.85,5.33,3.0
38.5,83.1,898.3,1.7,67.6,0.18,0.7,3.44,5.8
57.7,59.6,895.2,2.2,90.5,1.08,0.7,4.06,13.8
50.3,80.7,901.2,0.0,91.6,0.0,0.7,2.03,8.1
55.9,71.0,900.1,0.0,71.9,1.06,0.5,3.75,15.0
20.0,55.4,895.0,2.2,72.4,0.0,1.0,1.57,3.0
59.6,129.3,896.5,2.2,80.3,0.47,1.0,1.5,9.9
4.5,15.0,894.8,2.2,85.7,0.0,0.85,3.99,0.4
27.5,84.7,891.3,2.2,62.2,0.0,0.7,2.96,7.5
0.2,37.7,893.6,2.2,80.8,0.0,0.85,3.82,0.0
13.7,50.4,897.8,2.2,93.3,0.0,0.3,1.63,2.9
16.0,46.8,898.3,1.7,69.2,0.0,0.7,3.37,2.7
17.7,35.8,897.6,2.2,91.8,0.0,0.7,2.55,2.7
41.6,88.8,895.8,2.2,93.3,0.0,1.0,3.36,5.0
17.2,40.7,900.7,0.0,69.4,0.0,1.0,1.74,0.6
20.8,46.4,897.3,2.2,86.4,0.0,0.7,3.99,4.8
9.5,53.0,899.8,0.2,68.4,0.0,1.0,4.47,1.2
16.4,31.6,889.9,2.2,85.8,0.0,1.0,1.58,0.8
9.0,30.3,889.0,2.2,87.9,0.0,0.5,1.79,2.7
2.7,42.1,898.1,1.9,68.7,0.0,0.5,3.7,2.1
32.4,36.4,891.3,2.2,85.1,0.0,1.0,3.89,3.2
38.6,118.5,896.2,2.2,88.4,0.0,0.7,3.93,7.3
33.8,72.5,895.8,2.2,72.6,0.0,1.0,3.82,2.8
21.8,49.7,903.3,0.0,65.9,0.0,1.0,2.28,1.0
16.7,39.3,898.6,1.4,63.2,0.1,0.85,2.29,2.4
69.7,126.6,897.7,2.2,80.1,0.0,0.7,1.55,14.0
25.6,51.6,900.3,0.0,94.2,0.13,1.0,1.03,2.6
22.8,45.8,898.5,1.5,88.8,0.0,1.0,3.87,0.1
0.9,13.0,895.2,2.2,75.3,0.0,1.0,0.69,0.0
14.6,57.5,901.3,0.0,78.8,0.0,0.3,5.17,7.1
16.7,39.9,892.6,2.2,69.8,0.0,0.7,4.58,0.8
17.8,45.8,898.3,1.7,65.7,0.0,0.85,4.74,1.4
30.4,57.4,890.8,2.2,76.9,0.1,1.0,5.01,3.5
26.7,76.9,897.8,2.2,76.2,0.0,0.85,2.37,4.4
32.8,71.2,897.8,2.2,78.3,0.0,0.85,4.69,4.1
50.7,82.6,903.7,0.0,93.3,0.83,0.7,1.04,12.4
58.7,68.0,890.7,2.2,81.1,0.81,1.0,0.31,12.1
44.3,105.4,894.6,2.2,81.2,0.3,0.3,4.36,12.5
108.9,197.3,900.3,0.0,64.5,0.0,0.85,0.6,12.1
0.6,28.6,898.3,1.7,94.9,0.0,1.0,5.44,0.0
7.6,21.0,897.7,2.2,87.0,0.0,1.0,3.78,0.9
0.3,10.4,893.2,2.2,90.7,0.0,0.85,4.19,0.0
36.5,69.6,894.6,2.2,74.5,0.0,0.5,1.5,8.9
79.9,136.9,902.0,0.0,77.6,0.0,0.7,3.77,10.8
9.8,33.8,896.8,2.2,78.3,0.0,0.85,0.43,2.1
91.6,217.2,898.5,1.5,66.8,1.27,1.0,4.64,11.3
2.2,21.9,896.5,2.2,84.1,0.0,1.0,1.1,0.0
95.4,151.4,892.3,2.2,91.6,1.01,0.85,3.9,19.0
15.2,38.6,900.7,0.0,65.7,0.0,0.7,1.39,3.0
3.7,23.8,899.0,1.0,63.0,0.0,0.7,0.56,0.2
23.3,70.4,906.2,0.0,85.8,0.0,1.0,2.75,0.2
10.4,16.9,892.9,2.2,69.6,0.0,1.0,1.1,1.2
11.7,31.4,900.3,0.0,81.8,0.0,0.85,4.07,0.0
12.9,42.5,891.8,2.2,84.4,0.0,0.5,1.46,2.9
56.9,130.5,897.6,2.2,71.3,1.01,0.85,2.02,15.4
27.1,51.7,900.9,0.0,88.5,0.0,1.0,3.21,3.6
13.1,52.4,889.0,2.2,79.2,0.0,1.0,1.71,1.8
33.0,51.7,896.2,2.2,90.4,0.0,1.0,2.2,3.8
44.1,92.4,894.7,2.2,86.7,0.0,0.85,4.52,3.8
11.1,49.8,894.2,2.2,90.4,0.0,0.7,1.15,2.5
18.7,40.9,898.5,1.5,60.7,0.0,0.3,0.64,4.9
4.5,19.0,901.5,0.0,68.5,0.0,0.85,1.94,0.0
7.0,17.1,896.5,2.2,63.2,0.0,1.0,2.45,0.2
40.0,121.8,897.8,2.2,75.5,0.8,0.7,3.08,14.1
7.0,31.6,897.5,2.2,91.1,0.0,0.7,2.17,1.4
26.1,89.6,897.0,2.2,76.4,0.0,1.0,4.39,1.8
43.2,104.1,892.6,2.2,89.7,0.0,0.5,0.41,13.4
4.0,33.4,901.4,0.0,71.5,0.0,0.7,2.49,0.1
29.3,63.5,898.2,1.8,71.9,0.0,0.85,2.23,2.8
10.4,44.4,898.6,1.4,91.3,0.0,0.85,3.63,1.1
115.3,208.8,893.8,2.2,74.9,1.78,0.7,5.32,27.7
23.1,58.6,895.2,2.2,87.6,0.0,0.7,2.9,4.1
57.4,117.4,896.3,2.2,68.3,0.0,1.0,5.43,3.9
28.0,58.0,890.9,2.2,93.2,0.0,1.0,1.8,2.5
1.6,17.5,890.2,2.2,80.1,0.0,1.0,0.36,0.0
35.1,57.4,894.6,2.2,86.6,0.11,0.7,1.08,7.5
105.8,150.5,899.1,0.9,63.1,0.0,0.85,2.29,9.5
32.2,65.7,894.4,2.2,77.2,0.0,0.85,1.88,5.0
59.9,89.4,892.9,2.2,91.5,0.0,0.7,0.71,10.1
75.5,85.9,893.7,2.2,90.7,0.68,1.0,2.49,11.3
9.1,29.0,895.2,2.2,61.6,0.0,0.7,1.99,1.6
8.3,41.5,895.6,2.2,70.6,0.0,0.85,0.85,1.6
33.0,49.4,905.7,0.0,75.5,0.25,0.85,1.77,5.4
18.5,45.7,901.2,0.0,66.0,0.0,1.0,4.9,0.7
64.1,132.3,901.1,0.0,85.5,0.0,0.3,1.8,17.3
80.6,136.8,901.7,0.0,66.5,0.0,0.7,3.98,10.3
15.3,39.0,893.0,2.2,72.1,0.0,1.0,3.44,1.1
9.5,55.7,892.1,2.2,83.2,0.0,0.3,2.46,4.8
53.1,106.0,892.6,2.2,76.9,0.0,0.7,1.47,10.1
11.2,49.4,902.3,0.0,85.8,0.0,1.0,2.16,0.0
60.5,130.3,894.8,2.2,93.6,0.0,1.0,3.34,6.2
19.3,38.1,892.0,2.2,64.1,0.0,1.0,2.06,1.6
38.5,93.2,895.3,2.2,84.8,0.0,0.85,1.34,5.8
3.5,40.5,896.0,2.2,68.1,0.0,0.85,0.82,0.7
34.2,89.4,898.1,1.9,74.5,0.0,1.0,4.86,1.9
21.0,28.2,898.0,2.0,61.2,0.0,0.85,2.53,0.5
30.9,64.4,893.7,2.2,64.8,0.0,1.0,3.51,3.7
6.4,27.3,899.7,0.3,71.2,0.0,1.0,2.8,0.0
46.7,80.6,894.4,2.2,72.0,0.0,0.85,4.82,5.0
69.5,74.7,896.4,2.2,91.5,0.71,1.0,3.1,11.2
8.6,52.9,899.7,0.3,86.0,0.0,0.85,2.75,2.8
3.5,8.2,894.4,2.2,94.0,0.0,0.5,5.1,2.8
0.8,28.5,894.7,2.2,81.0,0.0,1.0,4.01,0.0
35.9,47.6,899.4,0.6,68.5,0.71,1.0,0.79,6.8
32.7,62.1,893.6,2.2,71.5,0.0,1.0,1.14,2.2
27.7,41.3,895.5,2.2,71.2,0.0,0.85,4.37,1.5
9.2,19.2,899.2,0.8,71.4,0.0,0.7,4.63,0.0
17.4,47.2,905.2,0.0,83.6,0.0,0.85,3.09,1.4
31.6,97.7,899.4,0.6,78.6,0.0,0.85,3.14,2.1
24.0,36.2,898.9,1.1,73.5,0.0,0.85,3.55,3.6
140.0,168.8,899.1,0.9,65.2,2.0,1.0,2.53,21.9
5.1,26.5,892.7,2.2,60.8,0.0,0.85,3.81,0.6
41.6,113.0,897.5,2.2,67.7,0.0,0.85,0.77,7.7
18.1,46.6,896.9,2.2,63.8,0.0,1.0,5.29,0.2
19.6,52.0,898.3,1.7,87.5,0.0,0.7,4.18,2.9
44.3,69.6,897.5,2.2,63.9,0.17,0.85,3.55,3.7
41.3,69.0,898.5,1.5,85.3,0.0,1.0,1.88,4.7
140.0,122.7,895.8,2.2,73.5,0.0,0.85,1.05,16.3
4.8,25.6,897.2,2.2,62.6,0.0,0.3,2.37,2.6
3.8,40.0,892.1,2.2,88.4,0.0,1.0,3.71,1.4
45.1,68.5,895.7,2.2,80.3,0.0,1.0,3.56,5.4
30.2,64.4,902.6,0.0,68.3,0.21,0.85,2.23,4.3
11.2,43.4,898.3,1.7,91.3,0.0,0.85,3.45,2.3
2.9,17.3,896.9,2.2,61.6,0.0,1.0,4.51,0.0
3.1,25.2,904.6,0.0,67.1,0.0,0.5,0.34,3.4
78.6,93.5,891.6,2.2,86.3,0.0,0.85,2.59,9.4
7.5,27.4,892.6,2.2,84.8,0.0,0.5,4.22,2.5
13.7,50.6,903.9,0.0,70.1,0.22,1.0,3.09,1.8
9.0,48.8,897.2,2.2,62.2,0.0,0.7,3.65,3.7
15.3,25.6,896.0,2.2,90.0,0.0,0.85,2.94,2.2
2.5,21.2,892.2,2.2,71.0,0.0,1.0,5.46,1.0
25.6,40.6,898.8,1.2,66.8,0.27,0.5,0.49,6.9
2.5,30.7,899.2,0.8,78.1,0.04,1.0,2.8,0.2
56.4,63.0,892.6,2.2,91.9,1.16,0.5,0.68,19.3
9.3,43.1,896.4,2.2,61.5,0.0,0.85,1.05,2.0
27.2,93.6,895.7,2.2,86.8,0.0,0.3,2.23,10.0
74.2,176.9,898.0,2.0,80.0,0.77,0.85,1.02,15.0
36.8,110.5,892.5,2.2,74.9,0.0,0.7,5.31,7.2
26.6,83.5,902.0,0.0,86.0,0.0,1.0,5.22,3.0
13.7,28.7,900.7,0.0,93.8,0.0,0.85,1.98,3.3
14.2,26.3,895.5,2.2,68.0,0.0,0.7,3.59,0.3
38.7,103.2,896.1,2.2,65.0,0.0,0.7,3.03,6.9
140.0,239.6,896.5,2.2,92.0,1.65,1.0,4.52,23.9
37.9,59.9,893.9,2.2,83.4,0.0,0.85,3.53,4.9
28.6,53.7,895.2,2.2,75.3,0.34,0.85,0.2,8.1
45.9,61.3,895.9,2.2,80.1,0.77,1.0,4.24,9.3
21.9,67.1,903.5,0.0,86.1,0.0,0.85,4.16,2.0
2.2,11.7,900.8,0.0,87.1,0.0,0.7,2.9,0.0
28.9,45.5,900.7,0.0,92.2,0.0,1.0,4.99,2.7
110.6,197.7,898.5,1.5,74.9,0.0,0.85,5.01,13.1
6.7,14.8,892.5,2.2,70.3,0.1,0.3,2.98,2.6
41.0,92.0,896.8,2.2,82.4,0.0,1.0,3.42,2.2
7.9,23.4,900.9,0.0,74.6,0.0,0.85,5.48,0.0
26.9,65.4,892.0,2.2,80.8,0.0,0.7,1.78,5.9
3.6,15.9,899.5,0.5,74.7,0.0,0.7,1.92,0.5
20.9,69.2,906.3,0.0,65.4,0.0,0.7,1.17,3.9
49.4,105.2,901.2,0.0,76.4,0.61,0.7,4.95,12.1
14.9,31.6,902.7,0.0,84.2,0.0,1.0,4.15,0.0
38.3,37.3,897.9,2.1,88.0,0.26,0.85,0.76,6.6
55.5,62.1,900.9,0.0,77.3,0.0,0.7,5.4,5.7
91.7,208.6,894.1,2.2,65.8,1.38,1.0,4.07,15.4
9.4,44.8,900.2,0.0,74.5,0.0,1.0,4.71,1.4
17.8,61.4,899.6,0.4,87.5,0.0,0.7,0.46,2.4
5.8,23.6,898.2,1.8,74.5,0.0,0.7,2.88,1.4
140.0,250.0,902.3,0.0,84.4,2.0,0.85,3.9,28.2
91.6,217.1,894.8,2.2,77.8,0.0,0.5,3.08,19.9
27.2,76.7,896.3,2.2,68.4,0.0,0.7,3.73,4.9
64.6,80.1,897.4,2.2,87.9,0.82,0.3,4.53,16.7
25.8,52.6,892.9,2.2,62.9,0.0,0.5,2.18,4.7
34.2,74.6,897.9,2.1,78.4,0.0,0.85,4.7,1.7
3.3,25.9,890.1,2.2,67.3,0.0,0.7,1.06,2.7
49.3,118.1,901.2,0.0,62.3,0.24,0.7,1.64,8.3
4.8,25.8,897.2,2.2,77.6,0.0,0.7,0.43,0.8
61.2,129.7,894.9,2.2,77.5,1.31,0.7,2.13,18.9
53.3,117.9,893.7,2.2,84.7,0.0,1.0,2.21,4.3
43.2,51.0,896.1,2.2,86.1,0.0,1.0,4.47,2.8
1.3,9.5,899.8,0.2,85.5,0.0,1.0,3.66,0.0
12.6,30.2,899.2,0.8,74.3,0.0,0.7,2.51,3.9
10.7,31.3,894.2,2.2,82.1,0.0,0.7,3.66,1.5
15.6,52.5,893.6,2.2,80.2,0.0,0.85,0.48,4.1
3.2,20.5,899.6,0.4,74.8,0.0,0.85,1.16,1.0
96.7,136.1,894.1,2.2,80.9,0.84,0.7,3.52,17.4
28.2,51.4,897.2,2.2,93.2,0.0,1.0,3.6,1.9
12.8,31.9,897.5,2.2,66.8,0.0,1.0,4.3,2.5
17.7,32.1,898.2,1.8,91.7,0.0,0.85,2.34,1.0
20.7,58.4,900.4,0.0,61.9,0.0,0.5,4.03,7.1
32.1,70.8,891.9,2.2,70.8,0.0,0.7,3.83,4.6
25.4,38.2,889.4,2.2,70.1,0.0,0.85,5.31,4.2
88.1,112.2,894.7,2.2,81.9,1.36,1.0,1.34,17.4
24.0,54.9,904.2,0.0,64.6,0.0,0.85,3.12,3.2
140.0,163.2,905.1,0.0,90.9,0.0,0.7,3.39,19.0
66.7,167.7,904.3,0.0,89.0,0.0,0.7,5.49,13.0
8.2,37.2,896.2,2.2,82.8,0.0,0.85,1.27,1.0
93.4,98.8,889.9,2.2,76.0,1.27,1.0,2.97,15.0
4.3,14.8,889.0,2.2,92.7,0.0,0.5,2.03,1.3
59.5,144.1,894.5,2.2,89.1,0.0,1.0,2.99,4.6
16.8,61.3,896.2,2.2,77.5,0.0,1.0,1.43,2.0
73.6,122.6,902.2,0.0,84.6,1.17,0.7,0.45,16.4
70.9,78.7,900.5,0.0,79.8,1.5,0.3,3.23,22.1
57.4,57.2,897.9,2.1,80.6,0.0,0.7,1.98,7.2
54.6,80.2,893.4,2.2,71.6,0.0,0.85,1.16,5.3
12.7,37.7,893.2,2.2,76.2,0.0,1.0,1.92,2.6
3.0,11.8,898.0,2.0,62.7,0.0,1.0,0.46,0.5
18.1,45.0,899.8,0.2,72.5,0.0,1.0,5.24,1.2
6.7,31.7,898.6,1.4,84.4,0.0,0.85,3.28,2.3
41.6,92.1,892.9,2.2,93.4,0.24,1.0,4.52,6.4
14.9,20.3,899.6,0.4,93.7,0.0,0.5,2.44,1.8
130.0,250.0,898.7,1.3,79.5,2.0,1.0,4.99,21.8
35.9,42.4,892.7,2.2,81.2,0.0,0.85,2.76,3.0
60.5,151.9,893.9,2.2,66.5,0.0,0.85,3.24,6.1
5.0,22.7,899.8,0.2,84.3,0.0,0.85,2.81,1.4
69.3,170.2,896.1,2.2,62.5,0.0,1.0,4.09,5.3
89.6,169.2,903.4,0.0,70.0,1.9,0.5,3.2,28.4
23.4,34.1,899.0,1.0,83.4,0.0,0.85,1.64,4.0
32.6,77.9,895.1,2.2,70.9,0.0,0.7,0.97,7.1
50.7,67.6,897.0,2.2,61.7,0.0,0.85,3.41,5.8
6.7,25.6,897.3,2.2,89.1,0.0,1.0,2.79,0.0
24.4,69.9,894.1,2.2,70.9,0.0,0.85,0.71,3.7
17.8,43.9,893.3,2.2,62.2,0.12,0.85,2.3,3.9
5.5,12.1,899.8,0.2,62.6,0.0,0.5,2.93,0.0
16.0,38.2,900.4,0.0,68.8,0.26,0.5,4.58,5.0
2.5,29.0,899.4,0.6,66.2,0.0,1.0,0.6,0.7
0.9,40.2,903.1,0.0,87.1,0.0,1.0,2.05,0.0
5.1,28.1,894.8,2.2,71.3,0.0,1.0,4.56,0.8
115.5,173.9,903.7,0.0,88.2,1.57,0.3,3.64,34.4
27.9,56.3,893.4,2.2,66.1,0.0,1.0,1.74,2.6
118.2,182.0,892.9,2.2,77.3,1.37,0.7,4.68,23.4
19.8,76.3,890.0,2.2,84.1,0.0,0.85,2.81,3.8
13.1,35.2,895.2,2.2,82.8,0.17,0.85,2.84,3.2
24.7,54.1,895.0,2.2,81.0,0.0,1.0,5.38,0.6
20.3,54.4,899.1,0.9,92.4,0.0,1.0,5.22,3.2
3.9,25.4,898.0,2.0,68.0,0.0,0.85,2.1,1.3
35.8,98.7,892.2,2.2,77.3,0.0,1.0,0.95,2.6
8.5,32.1,895.4,2.2,90.9,0.0,1.0,1.93,0.1
33.8,71.0,895.5,2.2,62.7,0.51,1.0,0.36,6.5
36.8,67.7,889.9,2.2,62.0,0.0,0.85,0.31,5.2
5.8,44.5,893.1,2.2,68.2,0.0,0.85,2.3,1.6
2.2,14.0,893.9,2.2,82.2,0.0,1.0,5.19,0.0
53.1,93.3,902.7,0.0,69.1,0.0,1.0,4.82,4.4
21.6,57.1,897.8,2.2,66.7,0.0,1.0,2.91,2.8
2.1,38.4,899.6,0.4,76.1,0.0,0.85,3.2,1.5
140.0,250.0,891.0,2.2,81.5,2.0,1.0,0.23,32.3
2.1,24.0,901.8,0.0,68.7,0.0,0.7,1.34,2.0
41.6,104.1,902.2,0.0,70.5,0.0,1.0,0.33,2.4
140.0,192.1,889.0,2.2,81.5,1.46,0.5,4.2,32.4
9.6,28.3,894.2,2.2,93.1,0.0,1.0,0.97,2.4
5.4,19.1,899.0,1.0,83.6,0.0,0.5,4.81,1.9
4.5,36.8,899.6,0.4,87.4,0.04,0.7,3.61,1.3
12.6,21.9,894.3,2.2,72.8,0.0,0.7,1.42,1.7
3.7,20.4,895.8,2.2,69.5,0.0,0.5,1.04,0.9
41.2,90.7,894.6,2.2,75.9,0.0,1.0,3.53,5.5
2.3,31.0,897.4,2.2,88.2,0.0,1.0,4.97,0.2
24.9,56.4,901.8,0.0,76.0,0.0,1.0,4.01,1.9
140.0,250.0,893.9,2.2,89.6,0.0,1.0,2.05,15.6
58.9,73.8,901.0,0.0,94.6,0.69,1.0,3.31,7.9
33.4,66.1,893.9,2.2,62.5,0.42,0.85,1.85,7.7
12.8,29.2,893.6,2.2,61.6,0.0,1.0,5.5,0.3
34.2,77.2,900.3,0.0,65.2,0.7,0.85,4.17,9.5
26.2,56.8,900.7,0.0,73.5,0.0,1.0,3.46,1.4
19.4,44.9,900.4,0.0,64.6,0.0,0.85,2.44,3.0
4.9,22.8,891.7,2.2,90.5,0.0,0.3,3.48,-0.0
76.2,101.0,895.1,2.2,60.8,0.62,0.85,2.01,10.6
20.9,52.6,900.3,0.0,71.1,0.0,0.85,0.35,2.0
7.6,16.3,897.2,2.2,66.5,0.0,0.85,2.29,0.0
16.0,17.3,892.7,2.2,92.6,0.36,0.7,5.13,4.9
18.7,48.2,898.8,1.2,83.4,0.26,1.0,3.52,3.4
61.5,157.5,894.1,2.2,91.9,0.23,0.3,0.64,22.4
46.3,81.1,904.2,0.0,94.0,0.0,0.85,4.89,5.4
51.3,94.4,903.2,0.0,77.4,0.0,1.0,1.63,4.4
0.4,3.0,899.4,0.6,68.2,0.0,0.3,1.49,0.0
18.8,54.6,902.4,0.0,66.8,0.0,0.5,1.77,3.3
23.0,57.3,897.3,2.2,67.8,0.0,0.85,3.26,2.6
0.7,7.3,900.1,0.0,84.8,0.0,1.0,3.09,0.0
10.5,25.3,902.9,0.0,61.4,0.0,0.7,2.8,1.5
50.0,76.9,898.0,2.0,61.8,0.0,1.0,4.0,4.4
5.2,11.6,896.0,2.2,81.3,0.0,0.85,1.88,1.2
26.8,60.3,890.2,2.2,82.5,0.0,1.0,4.34,3.1
8.5,26.1,896.7,2.2,83.3,0.06,0.85,1.13,0.4
0.4,10.8,900.3,0.0,73.0,0.0,0.7,4.35,0.0
9.7,15.8,900.8,0.0,88.2,0.0,1.0,3.72,0.5
130.4,250.0,899.0,1.0,78.7,0.0,0.5,3.82,27.2
56.6,117.5,894.8,2.2,63.7,0.0,1.0,2.75,4.6
112.3,109.9,889.1,2.2,87.9,0.0,1.0,3.74,10.0
23.4,49.9,895.0,2.2,93.4,0.0,0.85,0.62,5.0
4.1,14.0,895.8,2.2,62.1,0.0,0.7,4.71,1.4
27.8,76.1,895.7,2.2,73.7,0.0,0.3,0.49,9.3
21.2,23.8,899.5,0.5,77.1,0.0,0.7,0.99,2.2
65.1,154.3,904.9,0.0,65.1,0.82,1.0,3.26,8.4
3.6,26.6,897.5,2.2,90.4,0.0,0.3,4.12,3.9
23.4,56.5,896.1,2.2,69.9,0.35,0.5,0.6,8.5
5.7,18.9,896.0,2.2,87.4,0.0,1.0,5.08,1.2
13.7,53.0,897.5,2.2,83.5,0.06,0.85,5.36,2.1
46.8,88.2,893.7,2.2,80.9,0.0,0.85,3.41,6.2
22.6,38.0,897.5,2.2,66.7,0.0,0.85,2.75,3.8
16.5,49.0,898.8,1.2,67.7,0.0,0.3,4.13,5.1
17.6,28.3,897.8,2.2,61.7,0.05,1.0,1.94,1.9
21.5,33.2,898.8,1.2,68.4,0.0,0.85,2.81,0.8
53.8,63.3,898.7,1.3,72.1,0.0,1.0,5.06,3.1
77.9,117.1,889.9,2.2,89.2,0.0,0.85,5.26,9.1
108.8,222.3,899.5,0.5,72.8,0.0,0.7,5.11,14.7
54.1,116.9,894.3,2.2,86.4,0.85,1.0,1.59,12.3
13.3,19.9,892.6,2.2,75.4,0.0,0.85,1.43,0.9
40.8,81.1,892.6,2.2,87.5,0.0,0.3,1.78,12.3
20.1,34.7,898.7,1.3,94.2,0.0,0.7,2.54,3.5
10.3,52.7,896.1,2.2,68.4,0.0,0.85,1.87,1.9
64.3,95.9,890.3,2.2,90.2,0.8,1.0,2.18,13.1
1.4,8.7,898.9,1.1,81.8,0.0,0.85,3.49,0.0
81.2,154.5,891.2,2.2,88.6,0.0,0.7,4.24,13.3
21.7,35.1,897.6,2.2,82.8,0.0,0.7,4.1,2.2
35.5,99.0,898.0,2.0,74.8,0.0,1.0,4.52,0.9
37.7,77.1,900.5,0.0,68.0,0.0,0.7,0.37,4.0
78.9,160.4,904.1,0.0,62.5,0.31,1.0,0.45,6.3
35.4,97.0,891.5,2.2,78.7,0.0,1.0,4.38,2.3
33.3,58.3,896.8,2.2,94.7,0.0,0.85,3.03,5.5
2.4,5.8,895.9,2.2,85.8,0.0,1.0,3.26,0.0
25.6,73.0,898.7,1.3,71.5,0.0,1.0,0.48,2.2
5.7,42.6,897.9,2.1,89.0,0.0,0.7,1.55,1.9
46.8,51.8,895.6,2.2,86.9,0.24,0.85,3.58,6.8
25.1,27.1,895.2,2.2,69.9,0.0,0.7,4.75,2.5
39.9,61.8,892.5,2.2,60.5,0.41,0.7,5.06,6.6
1.5,20.3,901.0,0.0,64.1,0.03,0.7,2.85,0.0
3.1,19.2,898.8,1.2,90.7,0.0,1.0,3.09,0.0
44.1,69.6,900.7,0.0,89.3,0.0,1.0,4.62,3.2
2.6,24.6,895.8,2.2,70.3,0.0,0.85,3.05,1.1
2.6,8.7,894.4,2.2,70.0,0.0,1.0,2.94,0.5
0.4,19.4,892.7,2.2,87.8,0.0,0.7,5.0,0.0
109.7,238.7,898.4,1.6,92.8,0.45,0.85,4.39,18.2
46.8,48.5,892.8,2.2,87.3,0.0,1.0,5.02,4.8
15.3,47.7,904.4,0.0,81.2,0.0,0.85,1.36,2.2
12.3,64.9,891.8,2.2,68.5,0.0,0.5,2.98,4.6
15.1,48.6,898.1,1.9,78.4,0.0,1.0,4.67,0.8
52.2,114.5,903.3,0.0,68.2,0.27,1.0,0.79,4.6
37.9,72.2,899.4,0.6,88.3,0.42,0.7,4.41,7.2
7.2,40.4,897.7,2.2,73.5,0.0,1.0,1.17,0.7
6.7,15.3,893.1,2.2,89.2,0.0,1.0,4.48,1.5
3.6,12.4,891.5,2.2,73.4,0.0,1.0,3.44,1.2
37.8,56.1,900.1,0.0,88.8,0.16,0.85,1.22,4.7
50.6,100.1,903.0,0.0,71.7,0.0,0.85,2.71,6.2
10.8,56.4,895.2,2.2,75.4,0.0,0.85,3.81,3.9
0.7,15.4,892.4,2.2,81.5,0.0,0.5,3.56,0.0
3.0,30.7,889.0,2.2,62.5,0.0,0.7,2.46,2.1
120.3,200.9,893.1,2.2,93.2,0.4,0.3,4.97,29.3
12.3,38.0,896.5,2.2,80.1,0.0,0.85,2.95,0.6
51.3,124.2,903.4,0.0,77.8,0.0,1.0,2.88,3.7
34.3,57.4,899.7,0.3,89.4,0.0,0.3,0.53,7.0
16.8,40.8,898.2,1.8,90.3,0.0,1.0,5.09,3.6
8.1,13.0,895.4,2.2,78.3,0.14,0.7,1.14,2.8
4.5,45.1,894.7,2.2,92.5,0.0,1.0,3.0,1.4
33.4,50.8,902.6,0.0,62.3,0.0,0.7,4.46,3.7
52.2,117.5,897.8,2.2,64.0,0.0,0.5,1.34,11.1
36.1,66.8,889.0,2.2,80.9,0.52,0.85,3.0,7.2
26.4,54.7,894.3,2.2,72.4,0.0,1.0,1.48,2.8
1.5,27.4,893.6,2.2,76.2,0.0,1.0,4.23,0.0
121.0,136.1,894.8,2.2,71.5,0.37,0.85,3.19,15.5
56.1,95.1,899.3,0.7,74.2,0.38,1.0,4.74,7.0
12.1,28.9,896.6,2.2,88.8,0.0,0.7,4.94,2.2
136.9,172.8,896.7,2.2,80.8,0.0,0.85,3.64,13.6
32.2,56.5,902.3,0.0,94.9,0.0,1.0,4.04,4.5
30.6,57.0,894.2,2.2,87.5,0.0,0.85,3.11,3.8
48.3,79.5,904.5,0.0,69.6,0.0,0.85,2.24,7.2
58.5,163.6,894.3,2.2,69.3,0.0,1.0,3.64,5.3
37.4,81.1,897.4,2.2,71.8,0.0,0.7,5.01,5.7
4.8,26.2,895.9,2.2,89.5,0.0,0.5,2.41,2.6
14.5,46.5,897.5,2.2,61.0,0.0,1.0,1.87,0.0
92.1,227.8,898.8,1.2,68.1,0.0,1.0,2.26,7.9
8.9,9.2,898.7,1.3,91.7,0.0,0.7,2.51,3.8
16.3,54.5,894.0,2.2,82.4,0.0,1.0,0.59,-0.0
19.8,76.3,892.5,2.2,67.9,0.0,1.0,2.84,1.3
20.3,28.5,907.0,0.0,67.7,0.0,0.85,2.82,1.7
33.2,69.1,895.1,2.2,90.2,0.71,1.0,3.32,8.4
100.3,215.9,899.8,0.2,91.3,0.0,1.0,2.12,10.6
9.6,44.3,890.6,2.2,69.0,0.0,0.3,3.45,5.0
4.5,41.0,895.9,2.2,74.7,0.0,1.0,4.85,2.5
7.7,35.2,896.5,2.2,89.2,0.0,0.5,5.26,3.1
76.3,126.6,898.9,1.1,87.0,1.04,1.0,3.29,13.4
36.3,66.1,889.0,2.2,88.5,0.0,0.7,0.43,7.9
11.8,58.3,897.7,2.2,78.1,0.0,0.85,5.34,3.3
59.2,148.8,892.4,2.2,91.9,0.0,1.0,3.94,5.4
69.2,84.3,898.3,1.7,71.4,0.56,0.7,1.98,13.2
65.6,129.5,892.9,2.2,65.5,0.0,0.5,0.98,13.4
87.9,155.3,893.6,2.2,84.8,1.46,1.0,0.96,18.9
10.2,18.9,895.9,2.2,78.9,0.0,0.7,1.09,1.2
49.2,59.6,892.8,2.2,89.9,0.96,0.85,0.44,13.9
21.6,49.4,895.1,2.2,62.8,0.0,0.7,4.98,3.0
64.6,151.8,892.2,2.2,89.5,0.3,0.7,3.07,15.1
45.6,93.2,889.7,2.2,70.3,0.0,1.0,3.91,2.7
52.4,106.5,901.1,0.0,82.9,0.0,1.0,4.59,2.2
37.4,74.5,891.8,2.2,61.4,0.0,0.85,4.4,2.6
6.8,45.1,896.3,2.2,81.3,0.0,0.5,4.88,4.4
27.6,73.5,900.0,0.0,85.1,0.0,1.0,5.33,1.1
140.0,213.5,894.5,2.2,72.9,2.0,0.85,2.53,28.7
97.0,239.8,893.7,2.2,67.5,2.0,1.0,5.24,18.8
1.5,19.3,897.9,2.1,78.8,0.0,0.7,4.03,0.0
6.3,30.9,901.5,0.0,89.2,0.0,0.85,0.57,0.9
4.9,35.3,892.3,2.2,71.3,0.0,0.7,3.81,4.5
45.3,61.1,896.4,2.2,68.8,0.0,0.5,3.84,9.2
59.6,116.4,890.1,2.2,69.8,0.31,1.0,5.0,6.0
8.4,16.2,895.4,2.2,93.2,0.0,1.0,2.18,0.5
24.7,61.5,897.1,2.2,72.6,0.0,0.3,3.3,10.6
64.3,122.0,893.6,2.2,60.1,0.0,1.0,0.26,6.8
46.2,105.3,895.2,2.2,87.4,0.0,0.7,1.96,8.8
27.3,56.8,891.4,2.2,84.5,0.0,0.7,0.53,5.7
31.2,54.0,897.3,2.2,64.5,0.0,0.7,2.97,4.4
24.9,45.1,901.2,0.0,94.5,0.0,1.0,4.53,0.4
12.4,38.8,892.6,2.2,81.3,0.0,1.0,1.29,1.8
29.1,41.6,894.5,2.2,77.5,0.0,0.7,3.0,3.2
40.9,68.9,899.0,1.0,73.4,0.83,1.0,1.28,9.8
72.3,126.6,901.8,0.0,91.5,0.0,0.7,0.84,9.2
35.4,42.6,891.0,2.2,68.5,0.0,0.85,2.91,3.7
50.1,53.5,896.3,2.2,70.0,0.42,0.85,0.62,7.1
6.1,42.8,898.1,1.9,64.3,0.0,1.0,3.31,0.0
21.7,60.4,896.6,2.2,86.6,0.0,0.5,0.37,6.0
0.3,29.5,889.0,2.2,80.8,0.0,0.85,0.77,0.0
9.9,49.3,899.0,1.0,81.3,0.22,0.85,3.11,4.5
45.4,85.0,903.1,0.0,67.6,0.0,0.5,3.33,8.0
140.0,250.0,897.5,2.2,82.8,1.85,0.7,0.35,41.1
3.7,14.5,892.9,2.2,86.8,0.0,0.3,3.24,1.2
18.0,62.0,894.9,2.2,72.5,0.0,1.0,4.64,2.0
56.3,152.8,904.1,0.0,88.0,0.4,0.7,4.03,11.9
8.0,32.7,900.6,0.0,72.2,0.0,1.0,0.9,0.0
28.3,51.6,899.6,0.4,86.5,0.0,0.7,3.34,2.4
46.2,66.7,898.4,1.6,61.2,0.0,0.5,3.76,7.6
33.5,44.0,894.4,2.2,79.3,0.41,1.0,0.4,7.2
7.3,33.6,896.2,2.2,93.9,0.0,0.85,4.73,2.1
15.4,23.8,896.7,2.2,94.3,0.0,0.7,5.0,2.6
53.6,145.7,899.2,0.8,69.9,0.0,1.0,4.71,5.7
28.3,46.9,903.0,0.0,75.4,0.0,0.7,4.57,3.9
0.2,36.9,901.5,0.0,62.2,0.0,1.0,4.15,0.0
50.1,138.5,891.3,2.2,90.6,0.0,0.5,3.56,13.3
1.3,31.7,897.9,2.1,79.9,0.0,1.0,3.8,0.0
47.9,86.0,899.9,0.1,73.5,0.0,0.85,4.47,5.5
7.9,41.3,899.5,0.5,63.9,0.0,1.0,3.71,0.4
111.0,250.0,894.5,2.2,93.1,0.0,1.0,1.94,13.1
16.1,48.0,908.7,0.0,78.6,0.0,0.85,2.19,2.4
13.9,39.5,891.9,2.2,69.9,0.0,0.85,4.95,1.0
5.6,48.1,892.7,2.2,72.3,0.0,1.0,0.29,1.8
12.8,51.8,897.9,2.1,69.5,0.0,0.5,3.9,3.4
73.2,117.7,905.5,0.0,81.1,0.0,1.0,5.26,6.0
140.0,250.0,893.7,2.2,92.5,0.81,0.7,3.94,29.3
16.1,22.7,895.9,2.2,90.0,0.0,0.85,5.47,1.5
20.8,21.5,901.3,0.0,76.1,0.0,0.85,3.84,3.0
44.8,79.4,896.9,2.2,88.9,0.12,1.0,0.38,7.5
76.1,119.1,895.7,2.2,74.8,0.28,0.85,4.58,10.9
31.5,72.2,899.3,0.7,68.8,0.0,0.85,1.71,2.8
17.4,43.6,898.1,1.9,94.4,0.0,1.0,2.56,2.0
18.6,46.1,901.1,0.0,70.6,0.0,1.0,1.85,0.0
41.6,65.6,902.2,0.0,71.3,0.0,1.0,1.62,4.4
0.1,1.7,898.2,1.8,94.6,0.0,1.0,2.49,0.0
33.8,97.8,898.2,1.8,64.7,0.73,1.0,2.21,6.7
15.4,54.3,897.9,2.1,86.6,0.0,1.0,3.56,0.5
55.3,85.0,899.0,1.0,92.8,0.72,0.7,4.51,13.2
3.4,29.3,897.2,2.2,77.9,0.0,1.0,1.77,2.3
31.1,91.3,897.0,2.2,60.1,0.0,1.0,1.33,3.4
23.0,32.7,901.8,0.0,73.1,0.0,1.0,3.73,4.5
36.0,68.0,903.1,0.0,63.9,0.0,0.85,3.75,2.0
2.3,43.4,891.0,2.2,74.6,0.0,1.0,4.98,0.0
30.4,65.9,897.0,2.2,87.7,0.16,0.7,0.28,7.0
28.9,35.8,894.2,2.2,75.4,0.0,0.7,4.72,3.8
28.8,57.2,895.8,2.2,75.1,0.0,0.85,2.96,2.6
32.4,55.5,898.6,1.4,79.5,0.0,1.0,3.49,1.9
39.5,88.9,899.7,0.3,80.4,0.0,0.85,0.68,5.4
57.2,130.8,896.6,2.2,90.0,0.0,1.0,2.49,4.7
11.0,15.6,889.3,2.2,70.8,0.0,0.5,1.4,0.9
61.0,156.4,893.1,2.2,88.8,0.0,0.7,1.55,12.2
24.1,35.9,900.6,0.0,79.8,0.0,0.85,2.87,2.1
2.8,18.1,889.0,2.2,70.5,0.0,0.3,4.51,2.8
2.1,21.5,901.7,0.0,70.3,0.0,0.85,4.14,0.0
14.2,31.3,899.1,0.9,72.6,0.0,1.0,3.33,0.3
53.8,87.6,902.3,0.0,81.8,0.0,1.0,3.06,4.5
43.0,129.1,896.2,2.2,68.1,0.15,0.85,2.46,7.7
54.4,61.2,889.0,2.2,92.2,0.0,0.5,5.36,10.4
25.5,62.1,898.7,1.3,80.1,0.0,0.5,3.17,6.5
20.3,57.4,902.1,0.0,92.2,0.0,0.85,1.55,2.9
5.6,46.5,900.7,0.0,61.6,0.0,0.85,1.42,1.8
13.9,31.6,894.3,2.2,72.0,0.0,0.7,3.44,2.1
19.9,42.5,897.3,2.2,60.8,0.0,0.7,2.97,2.8
3.2,14.9,894.9,2.2,69.5,0.0,0.85,0.24,0.0
8.7,42.9,893.7,2.2,90.2,0.0,0.85,4.6,2.5
31.9,35.3,900.8,0.0,61.3,0.0,0.7,3.93,3.3
46.6,86.7,892.2,2.2,75.3,0.0,0.5,3.71,10.1
140.0,250.0,893.4,2.2,64.1,0.0,0.7,0.56,22.2
94.7,117.5,892.6,2.2,74.6,0.0,1.0,2.12,8.7
36.0,73.1,891.0,2.2,89.4,0.0,1.0,5.16,2.5
19.1,59.8,897.6,2.2,81.8,0.2,0.5,4.77,8.1
35.4,101.1,901.6,0.0,85.8,0.0,0.7,1.71,7.1
53.9,149.3,896.3,2.2,72.2,0.7,0.85,1.03,12.9
4.4,19.0,891.0,2.2,93.1,0.0,0.85,2.58,0.4
18.5,41.8,900.4,0.0,84.8,0.0,0.5,2.09,4.4
64.1,75.4,903.7,0.0,74.8,0.8,0.5,3.82,12.9
16.9,21.5,894.4,2.2,74.9,0.0,0.7,5.32,2.1
29.7,57.1,895.1,2.2,92.2,0.0,1.0,2.12,2.6
31.0,73.2,899.1,0.9,80.2,0.0,0.7,0.53,8.0
7.1,37.2,903.5,0.0,84.7,0.0,1.0,4.96,2.0
15.7,61.0,894.9,2.2,74.6,0.0,0.5,0.4,6.9
14.3,51.1,891.7,2.2,67.8,0.2,1.0,5.25,0.8
0.9,3.9,899.5,0.5,85.3,0.0,0.7,3.72,0.0
0.9,6.2,900.2,0.0,81.3,0.0,0.85,5.19,0.0
62.4,101.1,897.0,2.2,77.5,0.81,0.7,1.26,16.4
11.2,20.9,894.8,2.2,81.8,0.0,0.85,0.42,2.2
25.5,48.7,901.0,0.0,67.3,0.0,1.0,2.79,1.5
12.4,27.3,899.1,0.9,87.8,0.0,0.7,2.59,2.3
98.9,157.9,893.9,2.2,93.2,1.28,0.85,1.96,19.8
10.5,26.4,897.2,2.2,91.2,0.0,1.0,5.28,0.2
19.7,63.6,891.6,2.2,71.3,0.0,0.3,4.56,7.5
72.2,160.9,899.7,0.3,74.2,0.0,0.85,3.71,9.1
64.6,92.5,896.0,2.2,88.3,0.86,0.7,1.06,15.7
7.2,44.2,895.3,2.2,80.8,0.0,0.85,4.09,1.4
56.8,94.8,896.9,2.2,79.2,0.0,0.7,4.05,6.9
21.4,56.1,897.2,2.2,92.4,0.0,0.7,2.45,5.8
23.1,64.1,900.6,0.0,78.8,0.0,0.7,5.1,5.2
5.0,9.3,899.4,0.6,78.0,0.0,0.3,1.08,1.9
2.9,34.3,896.4,2.2,61.5,0.0,0.85,1.62,1.3
45.6,65.9,900.1,0.0,62.4,0.0,0.7,0.54,6.6
24.0,79.2,898.6,1.4,60.3,0.0,0.7,4.42,3.7
20.1,66.0,895.3,2.2,92.0,0.0,0.85,3.5,2.3
45.8,118.7,896.5,2.2,74.3,0.0,0.85,1.87,7.6
50.8,61.8,896.4,2.2,76.4,0.0,0.3,1.07,11.9
6.1,19.4,899.0,1.0,89.6,0.0,1.0,0.41,0.0
33.0,66.2,895.5,2.2,81.3,0.0,1.0,1.08,3.2
5.1,25.1,895.4,2.2,81.3,0.0,0.85,2.6,2.6
48.7,83.2,904.9,0.0,70.4,0.0,1.0,1.51,3.5
37.4,68.1,900.8,0.0,89.2,0.0,0.5,1.57,8.0
109.8,183.5,894.0,2.2,65.8,1.69,1.0,4.84,16.9
2.5,44.2,899.3,0.7,61.9,0.0,1.0,2.93,0.8
2.1,7.6,897.5,2.2,66.7,0.0,0.7,4.07,0.0
11.6,56.8,898.6,1.4,69.4,0.15,1.0,0.39,0.1
10.6,52.8,897.5,2.2,69.9,0.0,0.7,2.14,3.6
9.9,29.7,901.8,0.0,83.5,0.0,0.7,2.74,3.3
82.9,122.3,898.4,1.6,67.6,1.2,0.7,1.19,18.8
10.0,32.4,896.8,2.2,83.7,0.0,0.7,0.84,1.9
11.1,38.9,901.2,0.0,63.2,0.0,1.0,4.81,2.3
49.9,66.2,897.9,2.1,65.2,0.42,1.0,5.18,5.8
20.9,43.5,897.5,2.2,77.8,0.0,1.0,0.62,2.5
52.5,88.8,898.3,1.7,92.3,0.34,1.0,2.05,9.2
2.4,22.7,896.6,2.2,90.1,0.0,0.85,5.28,0.3
23.4,57.1,897.0,2.2,93.9,0.0,0.85,0.64,3.6
1.2,12.6,894.7,2.2,82.8,0.0,0.85,3.61,0.0
2.3,19.4,894.0,2.2,83.7,0.0,1.0,5.35,0.0
82.9,170.4,893.0,2.2,81.9,0.49,0.85,5.38,13.1
5.2,11.5,891.4,2.2,81.8,0.0,1.0,2.7,0.0
26.6,35.4,893.5,2.2,65.1,0.0,1.0,1.06,2.8
18.5,37.9,896.3,2.2,79.0,0.0,0.85,1.27,2.8
14.9,33.0,897.4,2.2,73.5,0.0,0.7,4.91,3.4
80.5,183.5,895.9,2.2,75.5,1.59,0.7,5.03,23.8
0.8,2.3,889.0,2.2,78.3,0.0,0.5,3.42,0.0
38.2,91.3,903.3,0.0,64.5,0.0,0.7,4.26,6.0
115.8,238.7,901.3,0.0,72.6,0.99,0.7,4.12,22.4
28.7,81.1,898.8,1.2,62.2,0.0,1.0,3.71,2.5
96.7,184.2,904.6,0.0,94.3,0.0,1.0,4.58,7.1
1.9,14.9,893.1,2.2,64.1,0.0,0.7,3.83,0.0
19.0,50.0,904.6,0.0,69.0,0.0,1.0,3.03,2.3
10.5,24.2,893.1,2.2,91.2,0.0,0.85,1.46,2.3
45.9,100.4,898.0,2.0,76.9,0.0,1.0,4.14,3.7
139.3,131.9,891.9,2.2,64.7,1.37,1.0,2.71,20.3
10.4,54.5,897.1,2.2,73.4,0.2,0.7,1.76,3.5
37.2,62.0,898.5,1.5,64.1,0.0,1.0,4.45,1.8
7.7,26.0,896.4,2.2,67.0,0.0,0.85,3.89,0.2
29.2,57.2,899.9,0.1,61.8,0.0,1.0,5.17,2.2
21.8,53.1,897.4,2.2,75.3,0.0,0.7,1.08,2.7
125.2,250.0,894.9,2.2,88.2,0.0,0.7,3.64,20.6
32.8,51.9,894.7,2.2,80.5,0.0,0.85,1.49,4.7
15.1,43.0,900.2,0.0,81.2,0.1,0.7,4.99,2.1
4.2,8.6,894.4,2.2,67.0,0.0,1.0,0.73,0.0
5.7,45.5,900.7,0.0,72.0,0.0,0.7,3.68,0.0
8.9,43.2,901.9,0.0,89.6,0.0,0.7,4.39,2.9
10.1,23.2,890.3,2.2,63.1,0.0,0.3,2.08,2.2
66.5,69.0,901.5,0.0,90.0,0.0,1.0,5.26,4.3
28.8,61.9,905.2,0.0,76.9,0.0,1.0,4.71,0.7
25.9,91.3,898.0,2.0,89.3,0.0,1.0,1.76,2.3
4.3,18.6,899.4,0.6,71.1,0.0,1.0,0.24,0.0
68.8,133.7,901.1,0.0,71.9,0.97,1.0,1.77,12.2
44.9,41.9,895.9,2.2,86.3,0.0,1.0,1.69,2.4
2.5,18.2,897.7,2.2,87.5,0.0,0.85,4.92,0.1
43.1,60.3,891.7,2.2,68.0,0.0,0.5,5.33,7.0
27.4,70.0,897.6,2.2,94.1,0.0,1.0,0.57,3.0
3.0,23.6,899.0,1.0,63.0,0.0,0.3,2.7,2.5
21.5,57.7,899.1,0.9,62.4,0.0,0.7,3.11,2.7
23.2,53.0,901.3,0.0,80.8,0.18,0.5,0.69,7.6
6.3,15.1,893.9,2.2,85.3,0.0,0.5,2.2,0.5
102.0,181.3,894.9,2.2,93.6,0.0,0.7,1.88,15.8
66.4,153.7,904.6,0.0,74.2,0.71,0.7,3.04,13.2
38.7,107.5,896.4,2.2,60.9,0.0,0.85,3.7,5.2
21.7,55.2,897.8,2.2,81.1,0.0,0.85,3.93,2.8
18.6,43.1,896.7,2.2,70.1,0.0,0.5,0.92,5.4
36.8,52.5,893.7,2.2,75.2,0.0,0.85,4.51,4.5
27.6,54.8,903.5,0.0,77.1,0.0,1.0,3.8,1.3
2.3,39.8,894.9,2.2,62.3,0.0,0.7,4.91,1.2
25.1,89.3,892.5,2.2,77.0,0.0,0.85,2.58,3.6
57.5,98.2,895.2,2.2,74.9,0.0,0.7,4.94,10.2
21.5,41.3,889.0,2.2,84.9,0.0,1.0,4.79,2.6
1.9,24.1,894.4,2.2,82.6,0.0,0.85,2.52,0.0
54.0,63.6,893.1,2.2,66.5,0.0,1.0,2.22,5.4
7.9,24.1,899.5,0.5,67.2,0.0,0.5,5.14,1.9
10.5,39.2,894.3,2.2,68.8,0.0,1.0,3.99,0.0
6.3,13.6,900.6,0.0,66.3,0.0,0.7,5.12,1.1
14.0,35.6,902.6,0.0,83.0,0.0,1.0,4.42,1.0
49.5,142.6,900.1,0.0,94.8,0.0,1.0,3.43,4.1
25.6,52.9,896.1,2.2,82.8,0.0,1.0,0.81,2.9
8.0,32.6,897.6,2.2,81.2,0.0,1.0,1.74,0.0
73.6,146.1,890.9,2.2,74.3,0.84,0.85,5.33,14.8
74.1,141.2,896.5,2.2,70.9,0.58,1.0,1.89,10.2
71.6,99.7,893.6,2.2,91.9,0.0,0.85,0.69,9.9
9.5,47.7,899.8,0.2,93.9,0.0,1.0,3.95,1.3
21.0,76.2,907.3,0.0,77.4,0.0,0.5,4.09,5.4
140.0,250.0,899.0,1.0,70.2,1.49,1.0,1.71,20.2
51.7,81.4,889.0,2.2,87.0,0.0,0.85,1.78,7.9
1.0,14.3,895.6,2.2,64.6,0.0,0.85,2.69,0.0
2.4,21.9,897.5,2.2,86.8,0.0,0.5,0.32,1.5
21.8,55.9,897.3,2.2,88.7,0.0,0.5,4.38,5.1
84.0,179.9,894.1,2.2,64.4,1.81,0.5,1.88,28.6
27.1,52.3,898.0,2.0,94.2,0.39,1.0,4.72,4.2
24.1,26.7,892.0,2.2,94.5,0.0,0.7,4.45,3.4
3.9,21.4,893.2,2.2,92.8,0.0,0.7,3.71,1.0
37.4,93.7,899.6,0.4,77.4,0.35,0.5,1.92,9.9
60.4,135.9,892.9,2.2,68.6,0.0,1.0,2.94,3.8
16.8,52.9,899.2,0.8,80.4,0.0,0.5,2.56,4.6
52.3,82.0,891.5,2.2,74.7,0.0,0.85,2.0,6.0
116.8,182.2,904.1,0.0,67.2,1.13,0.85,4.7,16.1
8.0,26.6,893.9,2.2,74.8,0.0,0.85,2.76,2.0
25.9,84.1,896.1,2.2,83.2,0.0,0.85,4.61,5.6
11.8,36.0,898.3,1.7,62.5,0.0,0.85,0.76,2.7
55.1,115.8,894.7,2.2,71.7,0.52,0.85,0.95,10.4
30.2,50.7,897.6,2.2,60.6,0.0,0.7,5.38,3.9
35.2,65.3,899.3,0.7,86.2,0.41,0.85,3.32,8.2
56.0,134.1,900.8,0.0,82.4,0.94,0.7,2.9,13.6
17.6,46.9,900.2,0.0,62.2,0.0,1.0,2.97,1.8
86.3,124.5,896.3,2.2,93.8,0.0,0.3,1.34,19.7
26.7,64.8,896.4,2.2,60.8,0.0,0.7,4.01,6.0
6.0,18.8,906.4,0.0,80.6,0.0,1.0,0.65,0.0
41.7,100.2,900.8,0.0,87.2,0.0,0.7,3.24,9.3
55.2,52.6,893.3,2.2,87.6,0.52,1.0,3.23,10.2
13.3,33.5,897.4,2.2,61.2,0.0,1.0,5.05,0.8
68.1,143.2,895.7,2.2,91.7,0.93,0.85,2.99,14.5
82.8,202.0,896.5,2.2,92.1,1.38,0.85,0.93,22.6
11.3,25.1,892.1,2.2,79.6,0.0,1.0,3.24,0.8
140.0,230.7,895.4,2.2,76.9,1.01,1.0,0.68,22.3
5.3,42.6,904.2,0.0,61.6,0.0,0.5,1.28,1.3
7.9,34.8,899.3,0.7,79.7,0.0,1.0,0.36,0.2
7.1,35.5,889.0,2.2,74.3,0.0,1.0,2.92,0.0
78.5,108.2,901.9,0.0,87.0,0.0,0.3,0.65,16.2
37.2,64.7,901.4,0.0,74.1,0.0,1.0,2.69,3.5
5.8,30.4,895.6,2.2,83.9,0.0,0.7,5.14,2.4
20.3,65.3,899.9,0.1,63.5,0.0,1.0,4.01,1.5
33.4,77.6,893.6,2.2,64.7,0.0,0.85,0.61,4.3
3.1,42.3,895.1,2.2,64.9,0.0,0.85,1.39,1.3
74.9,114.6,903.0,0.0,61.6,0.0,0.3,3.77,15.0
57.0,89.3,895.9,2.2,78.9,0.0,0.85,4.94,5.9
24.6,69.8,889.5,2.2,87.8,0.0,0.85,0.37,4.9
119.5,250.0,896.7,2.2,81.4,1.21,0.5,4.51,33.1
18.9,71.1,896.7,2.2,80.1,0.0,0.3,3.18,9.6
140.0,137.3,901.8,0.0,83.8,1.8,1.0,3.09,22.2
38.6,114.9,897.1,2.2,71.9,0.0,0.7,5.28,7.9
35.2,66.4,895.3,2.2,72.7,0.38,0.85,4.16,4.6
6.4,32.2,901.2,0.0,71.0,0.0,0.85,4.71,1.2
74.8,145.4,897.5,2.2,84.9,0.0,0.85,2.08,10.2
19.5,56.1,894.0,2.2,65.7,0.0,0.85,3.14,2.4
6.2,21.3,901.6,0.0,60.5,0.0,1.0,3.46,0.0
0.4,30.6,897.8,2.2,80.9,0.0,0.85,1.9,0.0
28.7,51.3,897.0,2.2,93.0,0.0,0.85,3.22,3.8
26.2,38.6,897.7,2.2,81.3,0.0,1.0,1.45,3.9
44.5,78.1,892.7,2.2,87.4,0.0,0.85,0.96,6.2
77.3,90.1,894.9,2.2,83.5,0.69,0.3,2.18,19.3
2.9,31.1,897.0,2.2,77.4,0.0,0.7,4.12,3.2
46.0,103.9,896.2,2.2,85.1,0.0,0.85,5.06,5.8
7.3,25.2,902.1,0.0,88.8,0.0,0.5,2.63,2.0
68.4,84.1,897.9,2.1,67.9,1.25,0.85,3.61,14.2
59.8,112.0,900.4,0.0,71.8,0.38,1.0,0.75,4.8
27.2,61.0,897.0,2.2,67.8,0.0,0.85,4.99,3.7
43.4,93.0,901.2,0.0,75.8,0.38,1.0,3.21,4.6
13.2,37.5,898.6,1.4,91.0,0.0,0.7,4.34,2.6
22.3,65.8,897.1,2.2,72.1,0.0,0.3,4.41,8.0
60.3,87.9,896.9,2.2,73.1,0.0,0.85,1.56,9.4
21.5,32.2,893.2,2.2,90.1,0.0,0.85,3.0,1.4
15.5,44.6,899.0,1.0,78.0,0.0,0.85,5.29,2.9
23.9,56.4,896.8,2.2,78.7,0.0,1.0,0.68,3.7
61.7,121.2,895.0,2.2,90.1,0.38,0.7,3.82,12.2
14.3,48.0,901.4,0.0,77.2,0.0,0.85,5.3,2.5
6.7,31.5,892.0,2.2,83.9,0.0,1.0,1.79,2.3
43.6,52.8,895.3,2.2,63.0,0.75,0.7,4.77,8.8
61.2,99.0,901.1,0.0,66.3,0.0,1.0,5.15,3.9
3.7,10.4,898.3,1.7,74.2,0.0,0.3,4.16,1.6
9.6,14.5,896.8,2.2,77.3,0.0,0.85,1.43,1.8
5.4,46.7,898.0,2.0,93.8,0.0,0.85,1.97,2.2
15.0,54.2,897.7,2.2,94.0,0.0,1.0,0.39,2.4
20.9,71.4,890.9,2.2,89.8,0.0,1.0,4.61,2.5
48.4,97.3,895.6,2.2,71.0,0.0,0.7,4.7,6.5
36.9,75.3,903.5,0.0,93.7,0.0,0.85,3.55,4.7
34.0,57.7,894.4,2.2,84.1,0.0,0.5,2.07,6.6
15.2,60.2,895.7,2.2,73.8,0.0,0.85,0.61,1.7
64.5,118.5,894.8,2.2,84.6,0.0,0.5,4.19,12.8
22.3,75.6,896.7,2.2,60.6,0.0,0.3,4.05,8.4
135.4,250.0,894.7,2.2,65.1,2.0,0.85,5.04,26.8
35.2,97.0,898.9,1.1,89.0,0.0,0.85,4.07,3.6
4.7,16.2,897.8,2.2,82.6,0.0,0.7,4.59,0.1
39.5,45.5,900.1,0.0,72.7,0.0,1.0,4.15,3.3
13.8,36.8,892.8,2.2,77.5,0.0,0.5,3.54,4.0
40.6,91.6,895.6,2.2,91.7,0.0,0.85,2.46,6.9
2.5,37.2,896.1,2.2,82.1,0.04,0.7,4.98,3.2
6.7,12.7,898.8,1.2,73.9,0.0,1.0,3.65,1.0
67.8,87.1,893.8,2.2,64.2,0.46,0.7,2.31,11.1
9.0,30.3,900.7,0.0,70.3,0.0,1.0,0.64,0.7
63.5,61.8,901.7,0.0,94.2,0.61,0.7,1.74,13.0
11.5,27.7,893.0,2.2,75.3,0.0,0.85,3.08,4.3
36.0,69.1,895.0,2.2,76.5,0.0,1.0,1.66,4.0
41.5,97.0,894.9,2.2,77.5,0.0,0.3,1.37,13.3
25.2,26.6,907.5,0.0,90.9,0.0,0.7,3.0,3.8
12.8,31.6,895.3,2.2,81.1,0.0,0.3,1.1,4.2
8.4,28.8,903.7,0.0,84.3,0.0,0.85,4.44,2.3
1.2,7.0,891.9,2.2,73.6,0.0,0.85,2.77,0.0
12.7,40.9,893.0,2.2,61.0,0.0,0.85,3.24,2.0
37.1,65.2,894.3,2.2,92.6,0.0,0.7,0.98,6.7
97.5,210.4,893.6,2.2,93.2,1.63,1.0,1.92,19.1
71.7,136.8,895.9,2.2,93.2,0.19,1.0,2.37,9.5
50.8,105.6,894.2,2.2,93.0,0.41,0.5,4.48,14.2
54.4,92.8,893.7,2.2,88.5,0.0,0.85,4.28,6.1
38.3,97.8,901.6,0.0,84.0,0.19,0.3,1.38,11.5
10.6,48.0,901.9,0.0,89.6,0.0,1.0,3.47,1.5
83.2,85.4,900.8,0.0,81.0,0.0,0.3,1.49,11.9
38.9,105.7,899.1,0.9,64.7,0.0,0.7,5.44,6.7
28.8,79.3,897.4,2.2,73.7,0.0,0.7,5.25,6.1
4.1,41.1,895.0,2.2,94.0,0.0,0.85,3.19,1.7
20.7,29.3,893.2,2.2,72.3,0.0,0.5,3.9,3.1
21.6,60.4,898.5,1.5,90.4,0.0,0.85,4.45,1.9
70.0,134.1,892.3,2.2,63.3,0.0,0.7,4.02,10.7
27.7,87.4,893.0,2.2,71.7,0.0,1.0,3.91,3.4
16.8,43.1,901.6,0.0,72.3,0.0,0.85,5.28,1.3
131.7,197.6,904.6,0.0,61.8,2.0,0.5,3.36,32.2
4.1,23.0,898.6,1.4,64.2,0.0,1.0,3.57,1.9
19.2,54.5,901.4,0.0,66.8,0.0,0.7,4.7,3.5
1.5,20.8,896.0,2.2,89.3,0.0,1.0,3.75,0.0
47.1,135.4,891.6,2.2,62.2,0.0,0.5,4.08,12.9
87.6,105.7,899.4,0.6,70.5,0.31,0.3,1.44,16.6
11.5,43.7,899.3,0.7,60.4,0.0,0.85,2.17,0.2
68.4,92.1,897.3,2.2,84.3,1.18,1.0,0.98,15.9
12.1,52.5,896.0,2.2,81.7,0.0,0.7,2.88,2.7
84.6,198.4,900.8,0.0,82.6,0.33,1.0,2.62,7.9
49.1,87.2,893.1,2.2,73.1,0.0,0.85,5.48,4.8
57.2,161.0,893.9,2.2,67.3,0.95,1.0,3.44,9.7
0.6,3.5,893.0,2.2,85.2,0.0,0.85,4.37,0.0
115.2,250.0,897.3,2.2,88.4,0.43,1.0,1.97,16.5
45.4,80.3,892.6,2.2,64.9,0.0,1.0,4.61,5.1
12.7,28.7,894.3,2.2,77.0,0.0,1.0,3.46,2.2
61.9,87.3,894.2,2.2,68.7,0.0,0.85,3.89,6.9
11.6,50.6,896.0,2.2,65.9,0.0,0.85,1.76,0.5
72.2,101.0,891.1,2.2,85.7,0.0,1.0,3.11,6.7
4.2,9.3,897.3,2.2,78.8,0.07,0.85,3.56,3.1
42.6,44.0,902.0,0.0,67.6,0.43,0.5,3.32,7.5
27.2,61.5,897.5,2.2,70.9,0.0,1.0,5.05,3.6
3.6,28.1,903.2,0.0,93.8,0.0,0.7,4.96,1.4
9.7,20.3,902.3,0.0,89.7,0.0,0.7,5.35,0.0
0.4,36.4,900.1,0.0,90.8,0.0,1.0,3.74,0.0
22.1,74.7,897.3,2.2,76.1,0.0,0.85,5.35,4.4
12.5,29.6,897.1,2.2,81.8,0.08,0.85,4.61,2.1
31.9,65.5,900.1,0.0,73.2,0.0,0.7,1.64,5.8
12.3,28.1,895.4,2.2,62.7,0.0,1.0,2.47,0.0
12.5,55.6,889.5,2.2,74.0,0.0,0.3,1.46,4.7
47.6,111.8,899.0,1.0,80.8,0.0,0.7,0.22,9.5
1.7,7.1,892.5,2.2,70.1,0.0,0.85,1.2,0.0
81.6,177.4,893.2,2.2,89.7,0.0,1.0,0.22,13.8
66.9,122.1,897.0,2.2,65.3,0.0,1.0,4.02,5.6
38.6,96.8,896.6,2.2,72.8,0.0,0.85,2.46,4.0
31.5,70.0,891.4,2.2,64.4,0.34,0.85,1.86,6.3
78.0,131.8,897.7,2.2,74.2,0.0,0.7,4.24,11.9
7.2,12.4,900.9,0.0,61.4,0.0,0.7,4.61,0.0
2.9,22.3,892.5,2.2,69.5,0.0,1.0,5.37,0.2
9.6,41.4,902.1,0.0,74.0,0.0,0.85,3.6,1.1
55.4,126.8,890.8,2.2,76.7,0.7,1.0,2.65,8.5
1.2,29.8,905.5,0.0,79.0,0.0,0.85,1.82,0.0
30.6,88.1,895.4,2.2,69.6,0.0,0.7,1.38,5.1
140.0,250.0,897.6,2.2,78.3,0.0,0.85,1.33,19.8
67.8,89.4,889.4,2.2,77.8,1.13,0.7,2.37,17.0
25.8,82.2,896.8,2.2,71.1,0.0,0.3,5.46,10.2
2.3,23.6,897.9,2.1,89.1,0.0,0.85,0.2,0.0
62.3,153.3,896.7,2.2,79.1,0.0,1.0,1.25,5.2
32.0,77.7,894.7,2.2,71.6,0.0,0.85,1.2,5.0
4.3,19.8,893.2,2.2,93.2,0.0,1.0,4.0,0.1
3.4,5.6,901.5,0.0,89.6,0.0,0.85,2.07,3.3
84.1,186.7,897.1,2.2,94.4,0.75,0.7,2.62,20.9
38.7,46.7,903.2,0.0,84.2,0.34,0.85,0.99,5.9
61.9,129.3,894.9,2.2,73.2,0.31,0.7,2.35,12.1
73.9,184.1,895.3,2.2,69.8,0.0,0.7,0.75,13.8
29.7,52.7,900.3,0.0,83.2,0.0,0.5,3.03,6.1
25.5,52.6,890.5,2.2,94.3,0.0,1.0,0.72,3.3
19.7,34.4,892.1,2.2,81.9,0.31,0.5,4.39,5.7
13.3,49.8,901.4,0.0,90.9,0.0,0.7,3.2,3.1
20.0,29.8,892.3,2.2,71.5,0.0,1.0,4.04,1.8
52.0,115.3,889.7,2.2,74.2,0.98,0.3,2.42,18.9
32.2,88.3,904.5,0.0,91.7,0.0,0.3,2.22,11.2
78.1,192.8,891.4,2.2,86.5,1.32,0.85,0.72,20.5
20.5,46.8,897.7,2.2,94.3,0.0,0.7,2.98,3.8
32.7,98.6,897.3,2.2,87.1,0.0,1.0,2.93,4.5
34.9,65.8,889.0,2.2,75.7,0.0,0.85,2.68,6.1
31.4,48.0,895.9,2.2,78.6,0.0,1.0,4.12,1.0
42.4,49.2,898.8,1.2,91.5,0.0,0.85,4.61,4.8
9.5,17.0,898.4,1.6,79.3,0.0,0.85,4.18,1.4
25.1,63.8,900.6,0.0,68.9,0.0,1.0,0.96,0.1
3.9,18.9,895.5,2.2,75.2,0.0,0.7,3.5,1.8
17.0,51.6,899.9,0.1,78.1,0.0,1.0,0.63,1.4
23.4,53.7,894.2,2.2,63.4,0.0,1.0,3.88,1.9
37.0,82.0,891.4,2.2,86.0,0.0,0.85,2.22,4.4
105.2,117.1,891.8,2.2,63.8,0.0,0.85,0.9,13.2
32.1,56.0,891.2,2.2,74.2,0.0,1.0,4.77,3.4
47.6,91.5,901.0,0.0,88.2,0.22,1.0,3.45,5.2
24.7,46.5,890.9,2.2,76.4,0.0,1.0,2.08,1.8
35.2,69.6,898.1,1.9,89.5,0.46,1.0,0.36,7.1
2.6,6.1,895.9,2.2,72.0,0.0,0.85,3.05,0.6
10.3,34.3,896.6,2.2,93.5,0.0,0.5,5.09,3.2
15.7,59.2,902.5,0.0,67.3,0.0,1.0,3.36,1.9
22.4,65.4,895.2,2.2,61.3,0.0,0.7,5.35,3.5
1.6,5.1,899.4,0.6,90.5,0.0,1.0,0.92,0.0
5.3,38.2,897.2,2.2,86.3,0.0,0.85,3.21,1.6
11.3,52.8,896.4,2.2,68.1,0.0,1.0,4.43,0.4
124.6,171.1,906.2,0.0,94.5,0.35,0.5,2.99,24.2
14.1,60.2,891.2,2.2,77.6,0.0,0.85,0.68,2.8
23.0,66.8,902.2,0.0,93.3,0.0,0.7,3.29,5.1
7.6,17.2,899.6,0.4,77.7,0.0,0.85,3.44,0.0
33.0,59.2,895.1,2.2,76.5,0.0,1.0,4.06,2.9
11.5,41.9,903.5,0.0,75.7,0.0,0.5,4.23,2.7
8.1,39.0,889.6,2.2,71.7,0.0,1.0,4.29,0.0
25.4,75.6,894.9,2.2,78.7,0.41,1.0,3.72,3.8
0.2,38.2,892.2,2.2,75.8,0.0,1.0,1.34,0.0
0.3,36.6,898.6,1.4,61.3,0.0,1.0,2.34,0.0
8.7,43.6,892.5,2.2,69.1,0.1,1.0,4.31,0.7
1.3,34.9,898.7,1.3,67.5,0.0,0.85,5.25,0.0
4.0,46.3,896.3,2.2,90.4,0.0,1.0,0.62,0.7
14.5,18.8,895.1,2.2,81.0,0.0,0.85,3.04,1.7
56.8,79.8,898.6,1.4,86.7,1.14,1.0,1.86,11.8
29.7,47.7,895.9,2.2,93.5,0.0,0.3,1.39,7.5
25.2,63.6,892.6,2.2,82.5,0.0,1.0,2.88,3.3
12.2,43.8,908.2,0.0,94.4,0.0,0.7,3.41,3.3
94.0,154.9,895.1,2.2,70.9,0.51,0.7,0.25,22.0
17.7,21.9,889.0,2.2,66.5,0.0,1.0,4.34,0.1
3.2,14.2,893.6,2.2,74.1,0.0,1.0,4.55,3.1
33.6,102.3,891.9,2.2,76.5,0.0,1.0,5.32,3.8
4.2,13.7,900.3,0.0,91.3,0.0,1.0,1.16,0.9
14.8,34.5,898.3,1.7,79.6,0.08,1.0,3.35,0.6
24.8,36.2,898.6,1.4,70.2,0.0,0.7,2.46,4.2
72.6,172.2,895.5,2.2,86.0,0.0,0.85,1.97,10.3
23.8,74.7,895.9,2.2,77.7,0.0,0.85,3.2,3.3
42.4,65.3,895.5,2.2,65.7,0.0,1.0,4.35,1.4
140.0,147.9,896.7,2.2,80.2,0.0,0.5,0.32,27.3
4.9,8.3,900.3,0.0,91.9,0.0,1.0,5.34,0.8
11.2,43.1,898.3,1.7,89.5,0.21,0.85,4.49,4.1
17.6,43.1,899.0,1.0,80.5,0.0,1.0,4.18,2.1
19.2,66.2,899.0,1.0,73.2,0.0,1.0,4.23,2.0
18.5,56.7,900.5,0.0,63.0,0.0,0.7,2.26,3.1
83.4,173.5,898.2,1.8,76.4,0.78,0.7,4.18,17.5
43.8,97.8,898.4,1.6,86.3,0.0,0.7,2.25,8.1
32.8,83.4,901.8,0.0,72.6,0.59,0.85,4.96,8.1
13.0,40.8,894.3,2.2,68.2,0.0,0.3,1.14,4.9
60.8,70.7,893.6,2.2,92.6,0.0,0.85,1.75,9.3
108.6,179.5,892.3,2.2,88.8,0.97,0.85,3.12,19.7
60.3,132.2,897.7,2.2,82.3,0.15,1.0,1.89,6.0
0.1,8.4,889.6,2.2,64.8,0.0,1.0,2.45,0.0
35.4,59.8,898.8,1.2,65.1,0.0,0.85,2.81,3.7
1.8,35.2,896.6,2.2,63.6,0.0,1.0,4.74,0.0
10.4,50.7,901.5,0.0,81.6,0.0,0.85,2.97,3.0
2.1,33.8,894.3,2.2,64.0,0.0,1.0,2.12,1.0
32.4,80.6,896.2,2.2,89.5,0.0,0.7,1.51,5.2
40.6,85.7,901.5,0.0,94.8,0.0,0.3,2.37,12.5
4.3,23.6,902.5,0.0,72.8,0.0,1.0,2.93,0.0
16.9,36.1,894.3,2.2,75.9,0.0,0.7,4.15,4.9
21.3,68.8,897.7,2.2,84.9,0.0,0.5,0.84,6.6
16.1,61.2,898.2,1.8,92.8,0.0,0.3,1.37,7.0
4.5,19.9,898.5,1.5,91.3,0.0,1.0,2.21,0.4
19.0,50.4,895.9,2.2,62.0,0.0,0.7,2.11,3.8
48.7,94.4,902.1,0.0,65.9,0.0,1.0,2.28,2.9
2.6,24.2,889.4,2.2,86.4,0.0,0.85,4.41,0.6
2.9,36.5,895.3,2.2,84.1,0.0,0.7,1.92,3.0
15.3,43.1,898.8,1.2,64.7,0.0,0.7,2.86,3.2
99.5,203.6,898.8,1.2,77.6,0.36,1.0,3.51,9.0
38.7,83.7,902.4,0.0,87.3,0.0,0.7,1.43,6.9
39.7,73.7,901.8,0.0,67.7,0.0,0.85,4.01,4.3
15.7,63.3,895.9,2.2,90.5,0.0,1.0,3.1,1.0
31.5,65.4,902.2,0.0,61.9,0.45,0.85,2.57,6.5
0.4,34.8,894.1,2.2,87.4,0.0,0.5,4.49,0.0
35.4,40.8,900.7,0.0,81.6,0.0,0.3,1.49,5.9
85.6,197.4,904.2,0.0,71.0,0.38,0.7,4.88,14.9
33.2,101.2,901.9,0.0,85.2,0.0,1.0,3.17,0.1
72.4,153.6,897.4,2.2,87.4,0.0,1.0,3.43,6.4
45.1,64.8,895.7,2.2,92.7,0.0,1.0,4.84,5.1
4.5,39.9,890.9,2.2,72.9,0.0,1.0,4.53,0.3
81.5,115.0,898.2,1.8,84.0,0.0,0.85,3.39,8.2
2.4,8.5,892.5,2.2,81.1,0.0,1.0,4.19,1.2
26.7,56.3,893.8,2.2,78.4,0.11,1.0,2.5,2.8
5.4,36.2,892.2,2.2,91.2,0.0,0.5,3.1,1.6
0.4,21.4,895.2,2.2,60.1,0.0,0.85,0.53,0.0
19.2,62.5,896.9,2.2,69.9,0.0,0.7,0.68,3.4
12.2,26.7,898.1,1.9,78.8,0.0,0.85,4.6,2.4
23.3,40.2,894.6,2.2,66.2,0.0,0.85,0.52,2.7
30.1,65.8,901.3,0.0,91.8,0.0,1.0,1.1,2.6
1.6,22.4,896.2,2.2,82.7,0.0,0.85,4.42,0.0
4.6,29.6,893.8,2.2,76.7,0.0,0.85,0.21,-0.0
28.6,64.5,897.9,2.1,88.5,0.0,0.85,1.7,4.8
14.7,60.2,904.9,0.0,75.8,0.0,0.7,3.3,3.7
45.7,97.5,898.3,1.7,79.6,0.0,0.5,3.36,11.1
37.0,71.7,895.5,2.2,60.1,0.0,0.85,4.32,3.8
65.4,81.7,890.9,2.2,72.8,1.24,1.0,2.88,15.2
41.3,71.3,896.1,2.2,64.9,0.0,0.5,2.9,8.0
19.7,73.5,897.9,2.1,84.1,0.0,0.7,4.04,5.1
39.1,57.1,895.4,2.2,76.8,0.0,0.85,2.84,3.2
11.3,23.0,890.3,2.2,70.6,0.0,0.7,3.43,1.2
12.8,53.6,893.6,2.2,76.4,0.0,1.0,4.96,1.6
54.5,111.0,902.8,0.0,67.3,0.0,1.0,2.33,3.2
20.7,64.6,902.7,0.0,92.4,0.0,1.0,2.24,1.9
56.0,95.0,893.5,2.2,61.9,0.83,1.0,0.22,11.3
60.5,66.2,899.7,0.3,90.3,0.34,0.85,3.45,8.5
68.2,126.4,892.3,2.2,77.9,1.33,1.0,0.36,17.2
87.0,136.4,902.6,0.0,81.7,0.0,0.5,2.87,13.7
19.7,58.3,898.0,2.0,70.6,0.0,0.85,4.46,3.2
13.4,41.2,900.8,0.0,93.8,0.0,0.85,3.11,0.2
30.5,80.3,890.1,2.2,69.9,0.0,1.0,1.63,3.0
16.2,62.4,899.7,0.3,80.6,0.0,0.85,4.37,4.1
32.2,77.7,897.0,2.2,94.8,0.0,1.0,1.63,4.4
42.8,100.7,900.4,0.0,90.8,0.0,0.7,4.09,7.9
40.8,80.4,900.7,0.0,78.8,0.0,0.7,3.43,5.0
16.4,67.6,897.3,2.2,94.7,0.0,0.85,1.1,5.1
6.4,50.3,894.6,2.2,84.5,0.0,1.0,5.0,1.9
19.7,38.8,900.1,0.0,67.3,0.0,0.7,1.26,1.8
5.4,34.8,896.8,2.2,74.2,0.0,1.0,5.44,0.0
77.3,127.1,893.5,2.2,71.7,0.23,1.0,0.24,13.1
14.9,17.3,893.3,2.2,72.0,0.0,0.85,1.6,3.5
5.9,12.6,891.1,2.2,86.6,0.0,0.5,1.26,0.2
0.9,19.6,895.0,2.2,80.4,0.0,1.0,0.27,0.0
36.3,97.0,901.4,0.0,61.3,0.67,0.5,4.08,11.9
35.5,55.7,897.7,2.2,90.7,0.0,1.0,3.88,1.3
14.6,52.0,894.9,2.2,70.4,0.0,1.0,4.4,1.1
2.6,15.8,900.2,0.0,94.9,0.0,0.7,1.56,2.0
18.4,40.5,893.7,2.2,93.4,0.0,1.0,2.55,0.5
13.0,29.3,897.4,2.2,92.9,0.0,1.0,3.69,1.4
39.6,43.8,896.3,2.2,88.4,0.12,1.0,2.53,4.2
32.6,70.8,900.1,0.0,67.7,0.0,1.0,3.9,3.6
15.9,31.9,890.7,2.2,78.6,0.0,1.0,3.56,0.8
8.6,37.6,893.6,2.2,67.9,0.0,0.7,0.81,3.8
140.0,163.2,890.4,2.2,69.1,2.0,0.7,4.34,28.2
21.2,42.2,896.0,2.2,81.4,0.0,0.3,4.02,6.3
40.8,62.1,901.8,0.0,61.4,0.65,0.7,3.68,8.7
5.3,38.0,895.0,2.2,93.9,0.0,0.7,1.02,1.9
23.3,71.9,895.0,2.2,92.2,0.0,0.7,1.62,4.5
1.0,5.8,900.5,0.0,73.3,0.02,0.5,2.28,0.0
24.6,56.3,901.3,0.0,78.0,0.0,1.0,1.68,1.3
116.4,109.6,896.6,2.2,76.3,1.91,1.0,1.41,22.6
17.0,60.9,899.7,0.3,90.9,0.0,0.7,4.47,5.2
1.4,13.0,892.7,2.2,84.1,0.0,1.0,3.58,0.0
1.1,22.4,902.5,0.0,69.7,0.0,0.5,3.2,0.0
17.2,48.5,905.6,0.0,75.6,0.0,0.85,1.4,1.7
6.1,42.8,899.1,0.9,75.0,0.0,1.0,5.07,0.3
0.8,23.7,889.0,2.2,93.6,0.0,0.7,1.21,0.0
49.4,74.9,894.8,2.2,66.1,0.0,1.0,4.41,4.0
21.5,52.7,899.5,0.5,63.1,0.0,0.3,5.32,6.5
11.9,51.6,895.3,2.2,90.8,0.0,0.3,4.05,5.6
80.6,176.6,902.1,0.0,91.4,0.0,0.7,5.46,12.5
4.3,19.6,899.4,0.6,90.5,0.0,1.0,3.65,1.1
109.3,224.2,894.2,2.2,77.9,2.0,1.0,1.35,23.4
13.2,39.2,897.1,2.2,83.1,0.0,0.85,1.28,0.7
76.8,190.4,893.4,2.2,79.7,0.99,0.5,1.92,23.3
32.3,62.3,896.3,2.2,62.4,0.0,1.0,0.24,4.4
61.3,85.1,894.8,2.2,80.9,0.0,1.0,3.81,4.6
140.0,188.7,901.7,0.0,60.5,0.0,1.0,1.62,8.1
11.9,37.6,905.5,0.0,71.4,0.0,0.85,4.52,0.7
113.7,164.8,891.3,2.2,92.6,2.0,0.5,2.1,34.8
17.3,43.4,889.3,2.2,70.6,0.0,1.0,2.74,1.1
17.0,59.0,896.0,2.2,92.9,0.0,1.0,5.32,3.4
14.6,25.2,890.9,2.2,68.8,0.0,0.7,1.48,3.3
27.3,31.0,897.2,2.2,71.0,0.0,0.7,4.02,4.7
5.9,35.6,900.0,0.0,82.0,0.0,0.7,4.2,1.8
28.2,45.7,903.0,0.0,86.7,0.0,0.7,1.37,4.7
27.3,35.0,897.8,2.2,77.5,0.0,1.0,2.86,2.5
50.2,51.1,896.2,2.2,90.9,0.4,0.85,2.06,10.2
62.8,142.7,889.1,2.2,61.4,0.0,0.3,4.29,16.8
20.3,62.8,897.1,2.2,92.3,0.0,0.3,3.5,6.1
12.6,17.9,897.3,2.2,66.9,0.0,0.85,2.72,0.0
10.5,52.2,899.6,0.4,90.9,0.05,0.7,4.33,4.8
7.6,34.8,894.2,2.2,74.0,0.0,0.3,1.45,4.3
2.1,16.6,895.3,2.2,89.1,0.0,0.85,4.19,1.1
14.7,41.4,891.1,2.2,83.5,0.0,1.0,4.79,2.8
11.0,29.0,889.0,2.2,66.2,0.0,0.7,4.86,0.2
118.8,146.6,892.6,2.2,92.1,1.1,0.3,4.35,30.6
28.6,60.3,890.7,2.2,68.6,0.0,0.7,2.36,4.4
14.9,32.4,898.3,1.7,68.5,0.0,0.7,5.4,3.0
30.4,60.6,894.9,2.2,88.5,0.0,0.85,2.21,3.6
5.2,19.0,894.8,2.2,63.7,0.0,1.0,3.58,0.0
20.5,40.5,893.1,2.2,67.8,0.0,1.0,1.05,0.9
34.4,80.2,889.0,2.2,77.6,0.69,0.3,5.4,15.1
23.5,70.6,903.0,0.0,89.1,0.0,0.85,3.93,2.5
18.0,48.5,893.0,2.2,65.2,0.0,1.0,4.19,0.8
140.0,217.8,895.4,2.2,79.2,0.76,0.3,0.55,41.8
74.3,158.8,891.2,2.2,84.9,0.0,0.85,4.25,9.0
34.2,76.2,900.9,0.0,90.1,0.19,0.7,4.31,5.1
29.5,74.9,897.6,2.2,92.7,0.0,0.85,3.76,2.8
33.9,82.7,893.7,2.2,87.5,0.16,1.0,1.75,4.6
7.9,54.4,895.4,2.2,82.8,0.07,0.85,2.8,2.7
17.6,73.5,903.7,0.0,75.2,0.0,0.3,0.79,7.4
1.4,37.7,896.7,2.2,63.9,0.0,1.0,2.7,0.0
22.6,68.2,896.3,2.2,84.8,0.0,0.7,1.49,3.4
27.4,68.0,893.2,2.2,94.7,0.0,1.0,2.05,1.5
9.0,35.9,889.4,2.2,85.8,0.0,0.85,1.06,4.0
116.4,153.4,896.4,2.2,60.6,1.74,0.85,1.42,24.7
84.1,197.4,898.3,1.7,77.4,0.0,0.5,0.61,22.3
44.8,97.5,901.4,0.0,81.5,0.0,0.85,5.08,4.5
26.7,68.9,889.0,2.2,84.1,0.0,0.85,3.01,3.6
71.4,184.9,892.5,2.2,85.2,1.13,0.7,2.3,20.9
4.9,43.4,894.7,2.2,79.5,0.0,1.0,3.04,1.8
54.7,90.5,897.0,2.2,67.8,0.0,1.0,3.53,4.7
4.7,18.4,896.4,2.2,93.0,0.0,1.0,5.09,1.0
55.3,93.1,896.5,2.2,84.4,0.0,0.7,1.15,9.6
11.3,23.7,898.6,1.4,68.3,0.0,0.85,1.77,2.1
73.4,72.1,893.4,2.2,71.3,0.0,0.5,5.37,10.4
100.9,241.0,900.7,0.0,92.3,0.0,0.85,2.17,12.9
5.6,37.0,898.7,1.3,91.1,0.0,1.0,0.32,0.0
21.7,57.7,895.7,2.2,74.2,0.0,0.7,0.98,4.4
138.7,138.6,903.4,0.0,61.3,0.0,1.0,0.34,6.6
23.1,37.1,903.2,0.0,61.7,0.0,0.5,5.45,3.6
69.7,154.2,900.7,0.0,69.9,0.57,1.0,1.68,7.9
31.1,57.9,889.0,2.2,82.0,0.0,1.0,5.09,0.3
16.5,46.7,903.3,0.0,80.4,0.0,0.85,5.48,1.8
11.8,29.7,900.2,0.0,82.2,0.0,1.0,3.38,0.0
8.0,14.1,905.0,0.0,85.1,0.0,1.0,0.38,1.1
50.2,86.4,901.9,0.0,60.7,0.0,0.85,0.63,5.0
17.1,32.8,903.3,0.0,63.7,0.0,1.0,2.75,0.6
25.1,48.5,900.5,0.0,72.6,0.0,1.0,2.35,2.2
23.7,60.3,902.4,0.0,65.4,0.0,1.0,3.41,2.0
30.1,65.2,905.0,0.0,62.6,0.0,0.85,2.53,2.7
70.2,148.5,897.9,2.1,82.4,0.53,0.85,5.15,13.5
138.2,242.8,890.7,2.2,88.5,0.83,1.0,3.03,17.9
18.3,27.1,895.8,2.2,86.3,0.0,0.85,3.88,3.7
61.5,125.7,898.6,1.4,88.6,1.02,0.7,4.95,16.0
50.6,82.1,897.3,2.2,83.3,0.0,0.7,0.98,8.1
29.8,82.6,892.0,2.2,85.7,0.0,0.85,1.42,4.5
109.4,218.5,890.5,2.2,69.5,0.0,1.0,0.77,10.9
7.8,23.1,894.0,2.2,94.8,0.0,0.85,0.94,2.2
4.0,27.2,900.2,0.0,66.4,0.0,0.5,2.92,0.3
67.3,106.3,903.3,0.0,67.5,0.84,0.85,1.9,12.5
20.2,42.6,900.7,0.0,70.1,0.0,1.0,2.44,0.3
65.7,121.7,901.2,0.0,94.1,0.0,1.0,5.41,6.4
78.3,96.8,896.7,2.2,94.6,1.01,0.5,1.03,21.9
2.3,26.1,890.0,2.2,87.8,0.0,0.7,3.07,1.5
75.2,167.6,895.2,2.2,82.0,0.5,1.0,0.72,11.6
20.8,48.2,896.0,2.2,78.2,0.0,1.0,1.89,2.4
25.0,65.5,895.0,2.2,94.0,0.0,0.5,3.0,6.8
34.5,74.5,897.2,2.2,84.3,0.0,1.0,5.22,1.6
91.3,176.9,898.8,1.2,93.1,0.72,0.85,2.27,15.5
0.7,19.4,900.4,0.0,71.1,0.0,0.7,0.54,0.0
22.7,64.3,895.9,2.2,71.7,0.0,0.85,2.26,2.5
40.7,84.9,889.4,2.2,89.9,0.0,1.0,0.97,6.2
44.9,57.4,895.1,2.2,65.2,0.0,1.0,1.42,4.1
41.3,70.1,897.2,2.2,93.1,0.0,0.5,3.48,7.8
5.1,34.5,901.9,0.0,77.8,0.0,0.85,0.56,0.5
12.5,62.5,894.7,2.2,92.4,0.0,0.7,2.66,3.1
15.5,41.5,899.1,0.9,71.8,0.0,0.85,3.43,1.6
57.1,55.9,898.2,1.8,85.1,0.81,0.5,2.44,12.7
11.4,31.8,897.2,2.2,76.9,0.0,0.5,0.3,2.7
8.3,52.4,900.7,0.0,81.9,0.0,0.85,5.42,2.4
110.5,112.1,894.4,2.2,77.7,0.0,1.0,2.15,10.7
0.3,40.1,894.7,2.2,93.8,0.0,0.85,4.33,0.0
140.0,169.8,897.0,2.2,84.2,0.0,0.7,1.93,20.7
39.5,69.2,894.4,2.2,68.8,0.69,0.85,2.72,8.7
61.7,117.5,899.0,1.0,91.8,1.29,0.7,2.26,17.7
12.2,37.8,894.1,2.2,70.3,0.0,1.0,2.02,1.6
0.5,34.4,897.9,2.1,73.0,0.0,1.0,0.32,0.0
46.9,96.2,896.6,2.2,63.6,0.0,0.7,2.11,5.9
62.9,88.7,897.9,2.1,91.5,0.0,1.0,4.91,5.8
47.2,110.3,895.2,2.2,70.0,0.0,0.85,3.86,4.3
5.4,41.9,895.6,2.2,69.1,0.0,0.3,0.97,4.9
49.0,49.3,897.4,2.2,92.2,0.74,0.85,3.33,11.1
51.3,127.0,897.8,2.2,88.2,0.0,0.5,4.93,12.0
37.6,68.8,897.0,2.2,64.9,0.0,0.7,3.91,5.2
50.9,63.6,903.8,0.0,86.9,0.0,0.7,0.99,4.3
65.5,105.5,893.0,2.2,92.0,0.0,0.85,4.8,9.2
33.3,52.9,896.7,2.2,62.7,0.45,1.0,1.8,6.2
3.2,19.1,890.7,2.2,88.9,0.0,0.85,2.61,1.8
23.4,47.9,898.5,1.5,79.2,0.0,1.0,2.99,3.5
2.8,8.5,892.5,2.2,83.4,0.0,0.3,4.71,0.0
18.3,29.0,895.9,2.2,77.2,0.34,1.0,5.14,4.4
18.3,54.3,895.5,2.2,84.4,0.0,1.0,5.13,3.1
2.4,43.2,898.1,1.9,61.2,0.0,0.85,0.24,0.0
15.0,27.4,894.8,2.2,86.7,0.0,0.85,5.09,1.7
4.1,46.6,894.6,2.2,61.2,0.0,1.0,0.49,0.1
57.8,118.9,902.7,0.0,75.9,1.14,1.0,1.61,11.6
103.3,165.1,898.1,1.9,65.3,0.0,0.7,2.93,11.6
2.6,31.0,894.8,2.2,88.8,0.0,0.85,2.74,2.7
108.6,194.9,896.0,2.2,71.0,0.0,1.0,3.4,8.7
25.9,42.1,903.6,0.0,75.9,0.0,0.85,2.74,3.5
12.5,38.7,896.1,2.2,75.0,0.0,1.0,5.15,0.9
2.8,33.4,894.2,2.2,87.0,0.0,1.0,1.47,0.8
24.3,71.2,894.3,2.2,76.8,0.0,0.3,1.65,6.3
55.4,108.9,894.8,2.2,87.6,0.0,0.85,5.08,6.7
43.0,57.3,894.6,2.2,62.6,0.71,1.0,0.61,9.8
1.8,30.3,891.9,2.2,66.7,0.02,0.3,3.43,0.0
2.6,25.6,892.5,2.2,79.3,0.0,0.7,3.81,0.0
18.0,35.6,893.7,2.2,93.1,0.0,1.0,2.88,1.9
12.2,37.0,899.4,0.6,62.6,0.0,0.85,3.88,0.6
9.3,38.5,895.5,2.2,61.5,0.0,0.5,1.12,2.4
11.5,50.3,896.2,2.2,65.5,0.0,0.85,4.72,0.3
56.9,73.9,902.1,0.0,82.4,0.56,0.85,0.94,9.6
92.7,138.1,902.2,0.0,74.0,0.0,0.85,2.32,9.9
18.2,54.8,895.9,2.2,88.9,0.0,0.85,0.6,5.6
82.8,105.7,894.5,2.2,62.5,1.74,0.85,3.09,17.2
13.6,16.5,893.5,2.2,66.9,0.0,0.85,3.75,2.1
22.6,34.8,899.8,0.2,70.5,0.0,1.0,5.19,2.3
9.0,26.2,896.2,2.2,81.9,0.0,0.7,4.12,1.2
35.8,43.9,895.5,2.2,84.0,0.62,1.0,3.07,6.2
135.2,198.0,893.7,2.2,64.3,0.0,0.85,5.14,12.1
32.4,80.3,893.9,2.2,93.0,0.3,0.85,2.74,6.2
15.5,26.4,898.3,1.7,71.9,0.0,0.7,3.17,2.4
36.5,56.3,891.7,2.2,85.0,0.0,0.85,3.36,5.9
4.6,17.5,901.0,0.0,78.3,0.0,0.7,2.37,2.1
76.8,187.2,894.9,2.2,67.8,0.0,1.0,4.64,4.1
24.5,38.3,896.4,2.2,89.6,0.0,0.7,1.18,3.5
20.9,29.6,891.7,2.2,88.6,0.0,0.7,3.14,4.5
30.9,73.0,897.0,2.2,73.9,0.0,0.5,4.03,6.3
34.3,81.6,895.7,2.2,80.6,0.0,0.85,4.99,4.4
2.6,12.1,896.8,2.2,69.0,0.0,1.0,4.88,0.0
40.2,60.0,902.9,0.0,84.1,0.83,1.0,2.9,9.2
9.7,31.6,897.7,2.2,70.8,0.0,1.0,3.61,0.0
43.8,68.0,893.8,2.2,89.5,0.79,0.85,2.29,8.9
60.5,104.3,894.2,2.2,67.6,0.74,1.0,2.68,10.4
57.0,112.7,899.4,0.6,60.5,0.0,0.3,5.0,15.1
28.1,65.4,902.2,0.0,69.4,0.0,0.5,5.13,5.6
25.7,56.7,898.1,1.9,66.7,0.0,1.0,4.95,1.8
5.4,16.4,899.8,0.2,77.8,0.0,0.85,0.93,1.6
52.3,111.1,899.4,0.6,67.1,0.0,0.7,4.71,7.8
11.1,29.6,902.7,0.0,86.7,0.0,1.0,5.23,0.5
24.0,61.6,889.2,2.2,68.4,0.0,0.85,2.11,2.8
11.7,22.3,899.7,0.3,84.7,0.0,0.85,2.95,0.0
5.0,26.1,900.9,0.0,80.2,0.0,1.0,4.33,0.6
34.8,45.7,891.6,2.2,94.5,0.0,0.85,3.18,4.4
2.0,34.4,893.5,2.2,95.0,0.0,0.3,5.47,0.0
48.3,67.1,893.6,2.2,90.4,0.0,0.85,2.62,5.2
13.4,29.4,894.1,2.2,86.6,0.0,0.85,3.98,0.9
0.0,26.2,895.1,2.2,73.5,0.0,1.0,4.4,0.0
25.0,57.3,898.0,2.0,86.4,0.0,0.5,2.82,6.9
1.7,35.1,900.5,0.0,93.5,0.0,0.5,4.74,0.0
11.3,30.1,901.3,0.0,60.8,0.0,1.0,3.09,0.2
43.0,54.4,893.6,2.2,78.8,0.0,0.5,2.38,6.6
2.3,34.3,893.6,2.2,67.6,0.0,1.0,0.77,1.2
64.0,166.7,902.3,0.0,79.5,0.0,1.0,2.29,4.6
0.1,10.0,899.6,0.4,76.3,0.0,0.7,4.09,0.0
9.9,56.9,897.3,2.2,80.2,0.0,0.85,5.08,2.3
47.3,78.0,898.9,1.1,79.3,0.0,0.85,1.53,5.3
13.3,55.0,896.9,2.2,93.6,0.0,0.7,2.08,2.4
3.8,41.1,899.1,0.9,79.3,0.0,1.0,1.02,0.0
15.6,54.4,895.7,2.2,89.6,0.0,1.0,3.86,2.6
11.0,61.7,898.1,1.9,71.2,0.0,0.85,5.29,1.3
64.7,104.7,891.0,2.2,75.3,0.58,1.0,3.6,8.5
13.2,30.5,894.2,2.2,76.5,0.0,1.0,3.47,-0.0
54.4,65.2,894.3,2.2,69.8,0.0,1.0,3.13,3.2
77.9,77.5,895.5,2.2,73.3,0.0,0.7,0.67,11.2
19.9,31.6,893.3,2.2,80.9,0.0,0.5,4.07,5.4
84.3,215.0,894.9,2.2,80.3,0.28,1.0,3.39,9.9
16.6,47.3,890.9,2.2,82.3,0.0,1.0,3.71,1.0
116.4,234.6,899.2,0.8,72.3,0.0,0.7,4.96,18.0
3.3,28.8,896.7,2.2,71.1,0.05,0.3,4.35,2.9
40.7,84.5,890.2,2.2,81.4,0.0,1.0,4.34,4.9
23.8,26.0,893.7,2.2,64.7,0.0,0.5,5.11,5.5
17.2,36.0,898.3,1.7,68.9,0.0,0.85,5.45,2.9
35.1,52.8,894.8,2.2,61.5,0.0,0.3,3.28,7.3
42.6,107.0,894.2,2.2,62.5,0.0,1.0,0.78,5.1
0.2,4.5,896.7,2.2,68.5,0.0,0.3,2.63,0.0
6.4,32.4,898.4,1.6,60.7,0.0,0.85,4.37,0.0
43.7,47.5,891.3,2.2,68.6,0.0,0.3,0.35,9.0
38.4,44.2,899.2,0.8,82.9,0.35,0.85,0.5,5.6
118.4,200.2,893.8,2.2,62.1,0.5,0.85,0.56,19.1
50.1,106.3,896.9,2.2,75.3,0.0,0.7,4.07,9.9
105.4,195.9,896.9,2.2,92.0,0.75,0.7,2.86,23.8
42.4,82.5,894.9,2.2,87.7,0.0,0.85,2.16,6.4
12.4,37.3,892.9,2.2,70.7,0.0,0.85,0.76,2.9
3.9,25.1,895.9,2.2,92.4,0.0,0.7,4.08,0.0
53.3,63.6,903.5,0.0,71.5,0.0,0.5,1.9,8.1
36.2,78.6,891.6,2.2,62.5,0.0,1.0,1.61,4.1
1.7,18.3,903.8,0.0,94.8,0.0,0.85,3.66,0.0
15.6,43.1,896.0,2.2,90.5,0.0,0.5,3.16,5.0
110.0,198.1,897.1,2.2,76.3,2.0,0.7,2.12,28.3
24.3,57.2,892.7,2.2,83.3,0.0,0.7,3.6,2.4
19.8,56.8,893.9,2.2,83.5,0.0,0.5,1.64,7.0
21.4,53.5,895.0,2.2,66.8,0.0,0.7,4.41,2.6
8.2,24.7,892.8,2.2,67.0,0.0,0.7,1.42,1.0
16.1,31.5,896.2,2.2,76.4,0.0,0.3,1.04,5.5
16.2,24.0,895.4,2.2,91.9,0.0,0.5,4.35,2.8
1.9,10.7,904.4,0.0,60.3,0.0,0.7,3.95,0.0
51.1,75.0,892.3,2.2,87.4,0.0,1.0,1.17,5.7
18.9,38.4,897.4,2.2,62.0,0.0,1.0,0.82,2.3
60.4,149.1,898.0,2.0,76.7,0.85,0.85,4.64,12.6
66.5,128.3,892.7,2.2,82.3,0.66,0.7,4.32,14.8
8.3,33.9,899.7,0.3,84.0,0.0,1.0,1.93,0.2
37.5,106.6,895.4,2.2,62.0,0.0,1.0,3.69,3.1
22.4,45.2,889.0,2.2,74.7,0.0,1.0,0.86,2.8
74.3,100.9,899.6,0.4,80.4,0.0,0.7,2.89,11.3
8.5,20.3,892.5,2.2,62.3,0.0,0.5,0.3,1.9
39.6,53.9,892.8,2.2,64.7,0.0,0.5,2.28,6.4
32.8,50.1,899.8,0.2,83.2,0.0,0.85,0.6,3.8
12.2,48.0,895.6,2.2,78.3,0.0,0.85,2.72,3.0
5.1,8.9,900.7,0.0,65.7,0.0,0.85,2.43,0.0
36.9,89.3,901.8,0.0,78.7,0.11,0.85,2.56,5.1
47.0,69.5,894.4,2.2,91.9,0.0,0.7,0.44,6.8
13.3,44.6,900.2,0.0,60.5,0.0,0.85,2.12,1.3
36.2,49.9,894.0,2.2,82.5,0.0,1.0,4.21,4.3
17.6,57.4,905.9,0.0,62.6,0.0,0.85,2.16,1.3
43.7,53.8,894.2,2.2,60.2,0.0,1.0,3.99,3.2
7.8,21.7,901.1,0.0,65.3,0.0,1.0,2.16,0.0
77.3,133.2,900.4,0.0,74.8,0.61,0.85,2.44,10.5
11.9,41.4,898.3,1.7,88.1,0.0,1.0,3.19,2.1
16.0,63.4,894.3,2.2,69.9,0.0,0.85,5.24,1.3
2.1,4.9,896.4,2.2,81.9,0.0,1.0,0.78,0.5
4.1,24.8,889.0,2.2,74.4,0.0,0.85,0.37,1.3
25.4,44.8,897.9,2.1,68.2,0.0,0.3,3.42,5.0
10.9,38.1,898.4,1.6,78.0,0.0,0.85,5.23,1.7
63.2,70.1,897.5,2.2,87.9,0.0,0.85,5.45,6.1
0.5,13.0,889.0,2.2,89.1,0.0,0.5,2.77,0.0
16.7,68.8,891.9,2.2,89.6,0.0,0.85,2.68,1.7
14.4,34.1,894.0,2.2,71.8,0.0,1.0,3.62,0.8
0.7,19.3,898.2,1.8,87.8,0.0,1.0,3.14,0.0
4.6,20.3,898.2,1.8,67.4,0.0,0.85,3.56,1.8
18.7,34.6,896.3,2.2,85.8,0.0,0.85,4.83,2.5
23.8,38.8,899.5,0.5,93.2,0.0,1.0,4.16,3.0
18.1,51.6,892.9,2.2,60.5,0.0,0.5,2.83,5.1
26.5,85.8,899.4,0.6,75.4,0.0,1.0,2.65,2.5
31.6,71.3,898.9,1.1,82.7,0.0,0.5,3.59,6.7
0.3,16.4,898.5,1.5,84.6,0.0,0.5,2.62,0.0
21.8,80.0,896.3,2.2,66.2,0.0,0.3,2.63,8.4
115.9,222.0,904.3,0.0,94.0,1.71,0.7,0.29,26.7
25.6,48.2,899.0,1.0,81.5,0.0,1.0,1.12,2.1
39.6,54.4,893.1,2.2,65.8,0.18,0.7,2.79,6.7
13.1,55.6,898.0,2.0,60.7,0.0,1.0,4.56,0.0
52.1,78.2,900.0,0.0,87.4,0.0,0.5,1.68,8.1
51.9,79.1,894.6,2.2,62.8,0.0,1.0,2.97,2.7
25.8,77.2,901.4,0.0,64.9,0.0,1.0,2.03,2.3
130.6,186.6,898.5,1.5,80.1,0.81,0.5,0.76,31.7
4.7,38.4,889.0,2.2,81.1,0.0,1.0,5.28,0.2
0.6,33.0,898.2,1.8,84.0,0.0,1.0,4.73,0.0
51.5,61.5,895.4,2.2,73.8,0.0,0.85,0.62,7.7
57.6,129.4,899.1,0.9,87.1,0.82,0.7,4.01,16.2
4.5,5.3,900.8,0.0,94.1,0.0,0.85,2.04,0.0
10.8,31.8,897.8,2.2,69.5,0.0,0.7,5.47,1.8
0.6,14.9,903.7,0.0,84.6,0.0,0.5,1.8,0.0
12.2,32.8,896.3,2.2,92.5,0.0,1.0,1.47,1.5
51.9,85.1,899.5,0.5,84.0,0.0,0.85,3.21,8.2
25.5,59.2,900.2,0.0,83.8,0.0,0.7,4.63,4.2
15.0,30.7,896.6,2.2,67.8,0.0,0.85,1.22,1.2
16.3,30.1,900.1,0.0,78.7,0.0,0.85,3.96,0.6
0.0,19.3,894.6,2.2,79.7,0.0,1.0,0.53,0.0
12.5,44.0,895.3,2.2,84.5,0.0,1.0,5.07,0.2
36.4,45.5,891.8,2.2,94.9,0.0,1.0,0.63,5.6
128.0,179.0,898.0,2.0,61.2,0.67,1.0,5.05,11.9
65.7,93.7,898.3,1.7,62.3,0.82,1.0,2.8,8.4
0.8,29.6,901.7,0.0,62.7,0.02,0.85,2.57,0.0
80.1,184.4,900.2,0.0,86.0,0.65,1.0,5.36,9.5
53.5,114.3,895.9,2.2,64.8,0.43,0.7,5.45,11.0
53.1,85.1,892.3,2.2,81.8,0.0,0.5,3.65,10.6
21.4,57.6,898.7,1.3,71.4,0.0,0.85,0.87,3.5
17.8,22.4,901.4,0.0,76.0,0.0,0.85,2.88,1.4
12.6,59.9,900.0,0.0,67.5,0.0,0.3,3.0,6.7
2.4,35.1,901.3,0.0,90.3,0.0,0.85,2.93,0.0
9.1,27.9,896.2,2.2,80.5,0.0,0.3,3.22,0.8
9.9,26.2,895.1,2.2,93.1,0.0,1.0,0.3,2.2
23.2,36.2,894.1,2.2,80.1,0.0,0.5,3.97,4.5
48.2,83.1,896.8,2.2,64.3,0.0,0.85,3.98,4.5
22.5,76.6,896.7,2.2,66.0,0.0,1.0,0.81,0.9
2.1,22.1,897.8,2.2,94.6,0.0,0.3,3.22,0.1
110.8,147.0,896.5,2.2,85.4,1.76,0.3,3.21,34.0
100.1,163.0,896.5,2.2,61.7,1.94,0.85,3.82,23.5
53.8,130.8,893.9,2.2,84.6,0.0,0.3,0.65,18.1
140.0,250.0,900.8,0.0,74.4,0.0,1.0,3.52,9.0
27.5,47.8,897.3,2.2,70.8,0.0,0.7,1.69,4.3
115.2,244.4,896.3,2.2,65.4,1.24,1.0,2.89,18.7
2.8,31.2,894.0,2.2,89.4,0.06,1.0,4.3,1.4
15.9,33.6,891.7,2.2,62.2,0.0,0.7,3.94,1.5
8.9,9.7,902.2,0.0,70.1,0.0,0.85,0.83,0.8
7.6,46.0,899.2,0.8,70.7,0.0,1.0,3.33,0.9
5.3,37.1,890.5,2.2,65.6,0.0,0.85,5.34,0.0
34.1,74.0,900.1,0.0,77.8,0.0,1.0,1.03,3.1
53.2,115.3,900.7,0.0,60.4,0.78,0.7,4.72,11.1
30.2,62.9,897.5,2.2,70.5,0.39,1.0,3.92,3.2
5.6,22.9,903.4,0.0,92.7,0.0,0.7,4.3,1.4
58.3,106.9,897.9,2.1,70.9,0.26,1.0,1.69,6.9
35.4,69.9,891.3,2.2,72.6,0.0,0.85,1.73,4.6
17.2,38.7,898.5,1.5,76.6,0.0,1.0,5.0,0.6
39.2,45.2,898.0,2.0,79.7,0.0,0.85,2.11,3.9
10.5,33.1,894.6,2.2,88.3,0.0,1.0,0.53,2.5
14.8,43.0,899.3,0.7,66.7,0.0,0.85,3.38,2.2
87.3,127.7,890.3,2.2,90.5,0.0,1.0,0.86,10.0
12.0,29.6,901.0,0.0,86.5,0.0,0.5,4.42,0.8
22.2,46.8,893.5,2.2,85.3,0.0,1.0,3.6,1.2
77.3,173.3,893.1,2.2,63.0,1.51,0.7,4.84,21.1
43.1,92.7,896.5,2.2,60.8,0.44,1.0,4.36,5.0
2.2,25.5,898.7,1.3,80.8,0.03,1.0,0.79,0.0
5.6,42.4,897.7,2.2,90.2,0.0,1.0,2.22,-0.0
0.3,6.4,894.0,2.2,80.5,0.0,1.0,4.31,0.0
34.9,74.4,895.0,2.2,67.5,0.0,0.85,2.41,5.1
20.8,82.9,892.5,2.2,63.2,0.0,0.3,5.35,8.7
5.0,45.4,896.1,2.2,84.5,0.0,1.0,4.1,0.5
110.9,175.1,901.3,0.0,85.3,0.0,0.85,0.28,11.6
26.4,82.8,897.0,2.2,66.0,0.0,0.85,4.86,3.0
9.7,39.5,900.4,0.0,61.0,0.0,1.0,0.73,1.4
24.3,69.2,902.8,0.0,74.3,0.0,1.0,0.94,2.4
39.8,74.7,894.6,2.2,80.4,0.0,0.5,4.09,10.2
2.8,34.2,896.3,2.2,84.7,0.0,1.0,4.78,0.9
11.2,37.2,905.7,0.0,88.3,0.0,0.7,3.04,1.8
57.6,58.4,902.8,0.0,81.4,0.19,1.0,1.73,4.5
21.5,50.7,890.3,2.2,63.9,0.0,0.85,2.06,3.7
27.7,76.8,898.5,1.5,83.9,0.0,0.85,2.02,3.2
19.8,52.6,897.0,2.2,94.4,0.0,1.0,1.93,3.0
1.6,23.3,900.3,0.0,91.7,0.0,1.0,1.49,0.0
6.3,48.1,894.0,2.2,90.5,0.0,1.0,3.43,1.0
20.6,56.9,893.6,2.2,70.6,0.0,1.0,4.97,0.5
8.2,33.4,894.3,2.2,86.3,0.0,0.7,1.83,2.9
1.8,18.1,894.7,2.2,89.8,0.0,1.0,1.19,0.0
64.9,118.8,900.3,0.0,83.7,0.56,0.7,4.64,13.0
139.1,250.0,892.3,2.2,68.8,0.0,1.0,4.13,10.5
55.2,136.7,894.5,2.2,93.4,0.8,0.5,5.13,18.8
67.3,95.1,889.8,2.2,75.8,0.0,0.85,1.08,8.6
9.7,46.2,901.0,0.0,64.5,0.0,1.0,0.96,0.1
113.2,231.7,902.1,0.0,63.8,0.0,0.3,3.07,26.9
7.7,19.2,895.7,2.2,82.7,0.0,1.0,3.46,0.0
105.9,248.0,895.8,2.2,75.3,0.71,0.85,2.74,17.3
140.0,201.4,898.8,1.2,63.3,1.86,0.85,3.37,23.9
43.5,53.6,902.9,0.0,85.9,0.0,0.85,1.16,4.0
139.0,207.7,898.6,1.4,88.0,1.27,0.3,2.74,37.6
29.5,63.5,894.2,2.2,85.4,0.0,0.7,3.69,6.1
10.5,23.7,890.5,2.2,67.1,0.0,0.7,2.49,1.4
20.1,61.1,892.5,2.2,84.1,0.0,0.3,3.8,7.0
31.5,87.0,897.3,2.2,60.4,0.0,0.85,2.59,2.7
2.7,40.5,894.4,2.2,70.7,0.05,1.0,1.97,2.6
34.1,57.1,897.8,2.2,74.0,0.0,0.7,1.81,7.8
139.0,250.0,894.8,2.2,89.2,2.0,0.85,2.38,30.3
7.4,46.3,892.8,2.2,73.7,0.0,1.0,0.32,2.2
55.1,135.8,892.3,2.2,60.4,0.55,0.85,3.74,9.6
83.5,126.5,903.2,0.0,72.3,0.0,0.5,4.68,14.9
100.7,154.2,900.6,0.0,77.5,0.0,1.0,2.08,7.4
112.8,240.1,903.9,0.0,93.2,0.0,0.7,0.44,18.6
25.8,56.8,899.2,0.8,92.9,0.0,0.85,5.43,0.8
132.5,219.8,895.3,2.2,66.3,0.0,1.0,1.6,11.1
49.6,95.3,902.3,0.0,66.5,0.0,0.7,0.87,6.6
6.2,33.1,896.9,2.2,65.7,0.03,0.3,2.16,3.8
22.7,74.3,897.9,2.1,87.6,0.0,1.0,4.11,0.9
44.3,107.0,896.8,2.2,60.2,0.0,1.0,1.76,2.9
9.9,17.5,889.0,2.2,64.5,0.0,0.85,3.25,1.6
35.8,88.1,903.4,0.0,78.8,0.0,0.7,2.4,4.5
38.4,76.9,899.0,1.0,68.7,0.0,1.0,0.82,3.3
6.2,38.4,898.3,1.7,63.2,0.0,1.0,1.95,1.7
29.1,72.9,896.8,2.2,72.6,0.0,0.7,4.04,5.5
51.7,136.8,897.7,2.2,69.6,0.0,0.85,3.44,7.0
24.2,67.7,894.6,2.2,77.9,0.0,1.0,0.83,0.8
0.4,19.1,899.5,0.5,94.3,0.0,0.5,1.07,0.0
0.3,15.1,891.8,2.2,64.4,0.0,0.5,3.6,0.0
15.5,27.1,897.7,2.2,73.0,0.0,0.5,4.51,2.3
91.2,177.4,899.2,0.8,92.6,1.85,1.0,2.05,20.8
9.1,43.8,896.2,2.2,90.7,0.0,0.5,3.36,3.0
35.2,82.2,898.5,1.5,73.8,0.0,0.7,1.1,6.1
8.8,19.4,893.0,2.2,84.5,0.0,1.0,1.85,1.4
13.6,32.2,893.1,2.2,63.1,0.0,0.85,0.31,2.4
65.9,102.3,897.9,2.1,84.9,0.0,1.0,4.27,6.3
45.7,116.4,899.7,0.3,94.1,0.0,0.7,2.33,7.6
3.5,26.3,889.5,2.2,78.8,0.07,0.7,4.53,0.6
19.6,59.3,899.1,0.9,77.4,0.0,0.7,3.95,2.8
1.0,27.4,894.8,2.2,66.6,0.0,1.0,4.59,0.0
22.9,35.9,896.2,2.2,82.2,0.0,0.85,1.71,2.8
38.0,104.4,891.6,2.2,80.7,0.0,1.0,1.18,5.2
4.4,13.4,893.6,2.2,82.8,0.0,0.5,5.35,1.3
11.9,57.9,900.9,0.0,60.9,0.0,0.7,4.0,3.3
17.8,25.0,897.1,2.2,79.2,0.0,1.0,4.62,1.6
88.2,163.1,895.5,2.2,80.8,1.13,1.0,0.27,18.1
140.0,180.6,896.5,2.2,67.3,0.0,0.7,2.08,18.8
1.6,11.5,899.0,1.0,67.3,0.0,0.85,4.14,0.0
50.1,101.6,898.8,1.2,69.7,0.0,0.7,0.61,9.2
16.3,52.0,896.7,2.2,84.9,0.0,1.0,3.21,0.5
17.4,54.4,901.4,0.0,81.2,0.0,0.7,2.47,1.3
49.1,123.3,900.9,0.0,89.6,0.0,1.0,0.29,4.1
87.7,161.9,898.7,1.3,70.3,0.38,0.85,1.45,13.0
105.5,234.6,897.2,2.2,91.9,2.0,0.3,1.71,44.2
30.1,46.3,899.6,0.4,86.0,0.0,0.85,0.79,3.5
15.5,30.2,898.3,1.7,73.8,0.0,1.0,3.55,2.1
54.2,98.1,901.2,0.0,63.3,0.0,0.3,1.48,11.2
10.1,36.7,900.6,0.0,69.0,0.0,1.0,1.67,0.3
29.1,71.1,892.9,2.2,93.5,0.0,0.7,4.96,5.6
15.5,48.0,892.7,2.2,70.9,0.0,0.85,2.68,1.0
37.4,56.2,894.2,2.2,71.5,0.0,1.0,2.28,3.1
9.6,53.6,900.9,0.0,66.6,0.0,1.0,4.04,0.5
7.4,8.6,890.7,2.2,88.2,0.0,1.0,5.02,2.3
87.6,162.9,898.6,1.4,69.6,0.64,0.5,0.33,22.9
3.8,42.4,898.5,1.5,71.6,0.0,0.5,2.58,3.1
24.7,72.5,901.7,0.0,74.5,0.25,0.85,3.44,5.4
8.7,16.7,897.7,2.2,75.2,0.0,1.0,1.89,-0.0
1.4,24.4,891.6,2.2,74.4,0.0,0.5,4.29,0.0
1.3,16.0,893.2,2.2,77.6,0.0,0.85,5.35,0.0
6.7,18.0,892.3,2.2,88.5,0.0,0.85,5.2,0.9
70.5,96.8,894.8,2.2,88.7,0.0,0.85,1.61,9.1
11.6,37.7,896.3,2.2,87.9,0.08,0.85,1.4,4.1
105.2,156.8,892.3,2.2,63.5,0.0,0.85,5.27,11.0
30.5,76.7,902.9,0.0,88.0,0.62,0.85,2.63,7.7
20.1,56.6,891.7,2.2,64.2,0.0,0.85,1.3,4.3
30.4,49.2,902.4,0.0,64.4,0.0,0.5,3.95,6.2
25.4,50.2,901.7,0.0,93.2,0.0,1.0,1.71,1.8
49.8,59.2,900.6,0.0,88.7,0.9,0.85,1.62,10.7
11.6,53.9,894.2,2.2,79.3,0.0,1.0,4.86,1.6
15.2,36.9,898.4,1.6,90.6,0.0,0.7,1.06,3.1
78.6,147.4,891.9,2.2,94.6,1.12,1.0,0.54,16.3
102.5,151.2,900.6,0.0,81.4,1.03,1.0,1.63,12.7
78.1,175.3,896.7,2.2,81.5,0.0,0.7,3.42,12.3
19.0,47.9,895.4,2.2,86.4,0.0,1.0,0.85,2.8
53.1,82.0,892.1,2.2,68.1,0.0,0.85,2.7,4.7
22.6,22.9,889.0,2.2,65.8,0.0,0.3,3.52,3.9
24.1,46.6,892.8,2.2,86.6,0.0,0.85,4.7,4.9
8.0,30.6,901.5,0.0,72.1,0.0,1.0,1.42,1.9
31.3,96.3,895.4,2.2,64.7,0.0,1.0,4.53,0.4
7.2,36.9,896.3,2.2,71.0,0.0,0.7,1.45,0.8
14.1,40.0,899.6,0.4,72.6,0.0,0.85,3.79,0.9
67.6,126.9,904.2,0.0,93.8,0.26,0.7,2.48,10.9
8.1,21.4,902.3,0.0,84.4,0.0,0.7,0.81,0.0
2.6,40.4,893.1,2.2,78.6,0.0,0.85,3.99,1.0
2.5,5.8,889.2,2.2,93.9,0.0,0.7,1.35,1.2
98.9,193.1,906.4,0.0,91.6,0.45,1.0,1.14,11.8
24.7,74.8,906.1,0.0,77.9,0.23,0.85,2.1,4.0
18.4,66.1,897.8,2.2,91.7,0.0,0.7,3.66,4.0
58.3,76.8,891.9,2.2,74.2,1.12,1.0,1.44,12.9
63.2,112.4,900.9,0.0,68.1,1.27,1.0,1.17,11.4
14.1,41.7,896.6,2.2,68.1,0.0,0.7,0.25,4.2
41.4,60.5,896.5,2.2,83.2,0.26,0.7,2.7,8.2
51.6,128.0,900.6,0.0,77.5,0.0,0.85,2.47,5.6
37.2,94.6,898.3,1.7,83.1,0.0,0.7,1.44,5.4
5.8,41.8,892.3,2.2,84.0,0.0,0.85,0.48,3.0
73.0,90.8,895.7,2.2,60.8,0.0,0.5,2.48,10.6
27.1,69.3,899.6,0.4,61.9,0.0,0.7,4.38,4.5
11.6,41.8,899.0,1.0,78.6,0.0,1.0,3.99,0.0
19.4,60.7,898.0,2.0,66.7,0.0,0.85,4.76,2.5
1.3,4.3,900.7,0.0,82.1,0.0,0.7,0.25,0.0
4.8,9.3,895.6,2.2,79.3,0.0,0.5,5.32,1.1
50.8,118.3,897.7,2.2,80.5,0.0,1.0,2.01,8.0
0.0,6.0,889.0,2.2,70.6,0.0,0.85,5.45,0.0
18.9,60.5,895.2,2.2,82.4,0.0,1.0,1.54,2.8
25.9,59.6,900.1,0.0,89.0,0.0,1.0,2.7,2.6
2.0,19.7,895.4,2.2,94.9,0.0,0.7,2.08,0.0
126.5,193.3,895.1,2.2,89.3,0.36,1.0,2.09,16.4
9.0,11.1,892.8,2.2,79.5,0.0,0.7,4.66,1.0
12.7,26.0,901.0,0.0,66.8,0.0,0.5,4.16,3.3
12.7,28.1,899.2,0.8,83.9,0.0,0.3,5.46,5.4
9.2,21.1,900.3,0.0,92.8,0.0,1.0,3.45,0.9
0.1,36.4,890.1,2.2,67.4,0.0,0.7,2.66,0.0
45.7,95.3,896.4,2.2,69.0,0.0,0.5,0.68,12.1
119.2,185.8,895.9,2.2,65.2,0.79,1.0,5.48,14.5
8.9,27.6,895.9,2.2,85.8,0.0,0.85,3.12,0.5
38.1,90.6,894.5,2.2,74.2,0.0,0.5,3.91,8.3
47.4,68.4,895.6,2.2,62.2,0.0,1.0,2.36,4.4
66.0,145.9,900.4,0.0,90.6,0.0,0.5,3.1,14.4
19.2,37.1,889.3,2.2,79.5,0.0,0.85,5.2,1.4
12.6,36.4,904.1,0.0,71.6,0.0,1.0,1.08,1.4
13.8,41.2,898.9,1.1,72.0,0.0,0.85,1.75,2.5
43.6,98.1,896.8,2.2,70.2,0.0,1.0,1.01,4.2
59.4,76.6,900.6,0.0,75.9,0.16,1.0,4.4,5.1
7.0,32.8,891.2,2.2,71.8,0.0,0.85,0.53,0.9
16.2,44.2,894.3,2.2,79.2,0.0,0.85,0.63,1.7
81.3,86.5,896.5,2.2,87.1,0.0,0.85,1.78,9.8
57.5,140.1,902.5,0.0,83.6,0.21,1.0,2.93,5.7
140.0,250.0,896.8,2.2,70.3,0.0,0.7,2.35,20.0
49.1,91.2,898.8,1.2,78.5,0.0,0.85,0.44,6.3
17.5,64.2,894.6,2.2,89.4,0.0,0.7,5.27,4.1
31.3,89.5,898.9,1.1,62.4,0.0,0.7,5.25,6.5
37.9,84.3,903.7,0.0,62.7,0.0,1.0,1.68,1.8
2.9,14.9,901.0,0.0,79.5,0.0,1.0,4.08,0.0
27.5,42.0,896.7,2.2,82.4,0.0,0.5,3.27,5.0
43.2,93.6,899.7,0.3,67.4,0.95,0.7,1.46,11.5
6.4,14.5,899.3,0.7,86.1,0.0,1.0,1.59,1.1
53.1,102.5,899.0,1.0,82.6,0.0,0.7,2.8,7.9
30.7,56.6,901.4,0.0,92.3,0.0,1.0,2.42,0.0
106.4,138.9,901.4,0.0,65.9,0.0,1.0,1.74,10.0
1.5,32.3,896.5,2.2,86.3,0.0,0.85,4.48,0.0
10.8,50.2,899.6,0.4,62.9,0.0,1.0,2.75,0.7
32.2,28.9,895.5,2.2,79.8,0.0,0.3,3.67,3.8
12.3,22.8,893.3,2.2,79.3,0.0,0.5,1.2,1.3
43.9,63.5,895.9,2.2,73.6,0.0,0.85,3.03,4.8
49.8,92.9,896.7,2.2,89.6,0.0,1.0,1.89,5.7
3.8,16.0,890.4,2.2,60.2,0.0,1.0,2.99,1.0
25.2,67.7,900.4,0.0,78.2,0.23,0.85,4.34,4.7
24.9,47.6,889.0,2.2,67.6,0.0,0.85,4.28,1.6
16.1,34.8,907.9,0.0,86.0,0.0,1.0,2.08,0.0
94.6,166.3,903.0,0.0,61.5,0.0,0.85,3.88,8.3
61.5,142.1,896.0,2.2,89.1,1.24,0.85,5.19,15.3
41.8,118.7,897.0,2.2,89.3,0.0,0.5,3.52,10.2
43.9,77.0,898.2,1.8,89.2,0.0,0.5,0.99,10.6
21.7,37.1,894.6,2.2,65.3,0.0,0.85,3.8,0.7
88.8,190.5,897.8,2.2,82.1,1.21,0.85,0.76,22.2
41.5,58.3,896.4,2.2,60.5,0.0,1.0,4.82,1.4
45.7,105.6,896.6,2.2,89.7,0.0,1.0,2.94,4.7
69.2,125.0,897.7,2.2,85.3,0.31,0.5,2.24,17.6
11.2,36.3,891.7,2.2,78.6,0.0,0.7,0.5,2.4
57.6,83.4,897.2,2.2,85.6,0.0,1.0,2.22,7.5
7.6,32.4,897.7,2.2,63.3,0.0,0.85,4.99,3.1
14.8,48.9,897.5,2.2,78.5,0.0,0.5,0.31,5.3
14.3,49.8,896.1,2.2,70.2,0.0,1.0,2.72,1.7
134.4,180.0,901.6,0.0,94.0,0.0,1.0,5.14,12.4
68.0,151.2,895.6,2.2,90.0,0.0,0.5,2.29,17.1
42.3,59.7,897.9,2.1,85.7,0.0,0.85,2.47,5.7
45.4,99.2,902.2,0.0,92.7,0.0,0.85,3.27,5.1
28.9,30.4,896.7,2.2,72.1,0.0,1.0,2.65,0.8
102.9,246.8,897.9,2.1,91.5,0.0,0.5,1.09,26.4
24.0,50.4,896.6,2.2,71.4,0.0,0.7,0.3,7.4
16.8,31.5,901.9,0.0,85.6,0.0,0.85,3.43,2.2
6.2,51.2,896.0,2.2,85.8,0.0,1.0,5.08,0.3
54.0,130.4,902.1,0.0,60.6,0.0,0.85,0.76,6.7
46.4,102.5,896.6,2.2,72.6,0.0,1.0,1.32,3.9
17.0,48.3,893.6,2.2,60.7,0.0,1.0,2.16,1.9
0.9,9.3,899.7,0.3,94.9,0.0,0.85,4.49,0.0
63.9,116.8,895.8,2.2,64.3,0.0,1.0,1.63,6.1
0.4,33.6,899.5,0.5,79.0,0.0,0.3,4.87,0.0
42.6,103.6,889.0,2.2,87.7,0.81,1.0,0.49,9.7
123.0,145.6,897.0,2.2,67.0,1.2,0.85,5.19,18.0
20.1,47.0,895.2,2.2,77.0,0.0,1.0,3.17,1.0
9.4,38.0,892.7,2.2,81.3,0.11,0.7,3.69,2.9
42.7,83.9,894.8,2.2,65.6,0.0,1.0,2.15,2.0
59.5,84.8,894.7,2.2,87.2,1.04,0.85,4.34,12.1
27.7,64.5,896.8,2.2,70.5,0.0,0.7,1.08,5.4
119.4,200.0,891.5,2.2,67.4,1.7,0.3,0.46,41.8
1.9,16.9,898.3,1.7,79.5,0.0,0.7,2.3,0.0
24.6,44.6,902.5,0.0,74.4,0.0,1.0,4.72,1.6
44.4,63.2,898.1,1.9,92.2,0.0,1.0,4.2,6.8
69.5,157.7,900.2,0.0,90.8,0.0,0.7,2.94,11.7
6.9,29.4,901.4,0.0,76.9,0.0,1.0,3.23,0.1
56.3,81.6,901.9,0.0,72.6,1.14,0.85,0.89,12.2
28.2,57.6,904.5,0.0,71.4,0.0,0.3,4.66,7.9
17.7,52.3,895.0,2.2,69.4,0.0,0.7,4.37,3.3
4.9,15.6,894.1,2.2,79.1,0.0,0.7,3.68,1.7
70.2,103.3,900.1,0.0,88.2,0.0,0.5,2.67,12.4
6.0,43.8,899.8,0.2,70.9,0.0,0.85,5.31,0.9
13.0,48.7,900.1,0.0,66.7,0.0,0.7,4.86,2.7
12.0,29.2,904.6,0.0,76.6,0.0,0.85,3.62,3.0
71.8,144.6,897.0,2.2,62.4,1.39,0.3,2.17,27.0
39.1,57.2,898.7,1.3,84.5,0.0,1.0,3.48,2.4
55.8,64.2,893.1,2.2,78.1,0.0,0.85,3.25,5.8
10.1,21.8,905.5,0.0,77.4,0.0,1.0,2.29,0.0
34.3,52.2,895.7,2.2,70.5,0.35,1.0,1.83,5.4
29.7,46.3,895.8,2.2,91.7,0.0,0.85,2.36,5.3
62.6,155.5,895.6,2.2,63.2,0.0,0.85,3.24,6.3
82.8,156.9,894.4,2.2,90.4,1.02,0.85,2.47,17.8
0.4,26.6,894.1,2.2,73.2,0.0,0.85,1.6,0.0
39.2,108.8,894.9,2.2,90.8,0.0,0.85,4.23,6.9
1.9,33.7,891.5,2.2,85.5,0.0,1.0,3.02,0.0
27.9,59.8,893.9,2.2,63.6,0.0,0.85,0.56,2.4
11.9,51.7,904.8,0.0,89.1,0.0,0.7,2.15,3.4
12.8,62.6,899.9,0.1,83.9,0.0,1.0,4.89,0.0
15.2,42.5,900.7,0.0,61.1,0.0,0.85,4.2,0.6
34.0,71.5,901.7,0.0,64.7,0.0,0.85,1.91,4.1
14.2,16.6,904.3,0.0,82.2,0.04,0.5,5.17,2.5
46.2,91.9,889.9,2.2,83.2,0.0,0.7,0.61,10.0
18.1,42.6,892.1,2.2,86.1,0.0,1.0,5.29,0.7
2.5,9.4,893.8,2.2,85.2,0.0,0.5,1.5,2.3
53.6,65.0,895.1,2.2,83.1,0.0,0.7,0.25,10.9
11.8,20.2,895.8,2.2,86.8,0.0,0.7,2.5,2.8
19.8,22.9,895.2,2.2,80.1,0.0,0.85,2.1,1.3
40.5,113.7,897.9,2.1,69.1,0.0,0.7,3.06,8.7
14.1,15.3,897.1,2.2,91.9,0.0,0.85,4.42,1.3
2.0,31.3,894.1,2.2,60.6,0.0,0.7,4.66,0.7
16.4,42.1,889.0,2.2,72.8,0.0,0.5,2.33,4.7
101.2,120.9,893.0,2.2,85.5,1.93,0.5,2.48,29.8
35.9,106.5,894.8,2.2,75.0,0.0,0.85,0.99,5.0
39.0,77.3,896.0,2.2,60.9,0.0,0.5,0.45,11.3
35.0,96.2,892.5,2.2,62.3,0.0,1.0,3.6,4.4
7.8,12.5,895.0,2.2,82.7,0.0,1.0,0.54,1.6
19.0,78.5,892.5,2.2,93.8,0.0,0.85,4.09,3.8
48.7,137.1,896.5,2.2,79.3,0.57,0.7,3.06,13.3
3.7,38.8,892.7,2.2,77.7,0.0,1.0,1.25,0.0
11.4,36.7,893.6,2.2,71.1,0.0,0.85,3.06,1.7
11.3,26.8,891.8,2.2,69.0,0.0,1.0,1.17,1.2
19.8,70.1,896.4,2.2,60.7,0.0,0.85,2.53,2.3
137.6,250.0,893.5,2.2,69.6,0.54,0.5,4.44,29.1
2.4,26.0,900.6,0.0,75.7,0.0,0.7,2.65,0.0
25.6,46.2,898.6,1.4,66.9,0.0,0.85,0.99,2.0
6.9,44.2,896.7,2.2,63.1,0.0,0.3,4.04,5.3
123.5,243.7,893.8,2.2,85.1,1.04,0.7,1.19,31.1
4.2,18.1,898.5,1.5,91.3,0.0,0.7,4.11,0.1
18.1,43.6,899.8,0.2,92.8,0.0,0.7,2.74,3.4
46.9,100.5,897.6,2.2,81.6,0.0,0.3,2.6,14.3
42.7,64.1,903.4,0.0,61.8,0.0,0.7,4.71,4.3
19.2,39.7,898.8,1.2,85.9,0.0,0.85,3.96,3.1
14.9,22.4,900.7,0.0,63.9,0.0,0.85,0.37,1.2
17.7,48.1,897.5,2.2,83.4,0.0,0.7,1.77,4.8
10.7,54.6,899.7,0.3,87.3,0.0,0.85,4.82,0.6
8.0,42.6,893.8,2.2,85.4,0.0,0.85,0.3,0.9
23.1,53.8,895.2,2.2,93.3,0.0,1.0,3.09,2.7
10.9,53.9,898.4,1.6,85.8,0.0,0.85,4.06,2.1
11.9,26.0,898.4,1.6,84.3,0.0,0.85,3.5,1.5
37.4,90.8,899.0,1.0,69.2,0.0,0.7,4.23,6.6
121.1,236.8,901.4,0.0,92.4,0.0,0.7,4.05,18.0
32.4,60.4,891.3,2.2,66.3,0.0,1.0,3.87,1.1
2.8,33.5,893.1,2.2,91.7,0.01,1.0,4.55,0.0
2.8,26.2,897.9,2.1,70.9,0.0,1.0,3.62,0.0
105.9,238.9,894.1,2.2,64.6,1.69,1.0,2.33,18.5
12.3,24.4,910.0,0.0,88.9,0.0,1.0,2.7,2.3
3.4,5.7,899.1,0.9,60.1,0.07,0.7,4.0,1.6
32.0,57.1,896.7,2.2,89.1,0.0,0.5,4.84,7.1
34.2,64.2,894.9,2.2,69.2,0.0,0.85,1.64,4.6
36.6,43.1,895.1,2.2,91.0,0.0,0.85,2.01,4.3
10.9,40.3,897.1,2.2,84.2,0.0,0.7,5.13,1.6
0.5,28.2,897.4,2.2,83.3,0.0,0.3,3.27,0.0
117.3,216.0,895.2,2.2,72.8,2.0,0.5,1.15,36.9
10.1,33.7,895.9,2.2,62.1,0.0,1.0,3.72,0.7
39.4,90.5,902.4,0.0,89.1,0.0,1.0,5.45,2.0
42.9,105.6,902.5,0.0,66.0,0.0,1.0,4.56,2.7
33.0,58.9,898.0,2.0,73.0,0.0,0.85,4.15,3.5
13.1,37.4,891.6,2.2,81.0,0.0,0.7,1.3,2.4
11.1,34.7,899.2,0.8,76.9,0.0,1.0,4.84,2.0
31.9,68.3,903.2,0.0,67.0,0.23,0.5,2.99,5.1
70.4,136.9,902.5,0.0,64.9,0.88,0.85,4.91,11.6
102.6,222.4,899.9,0.1,64.3,0.0,0.3,1.95,23.1
3.9,22.3,902.7,0.0,90.2,0.0,1.0,0.53,0.6
5.9,10.0,897.2,2.2,61.1,0.0,1.0,2.72,1.2
101.3,200.9,899.5,0.5,94.2,1.83,1.0,1.63,18.9
46.7,118.5,894.3,2.2,66.9,0.0,1.0,3.99,2.3
75.1,181.4,898.2,1.8,63.9,0.5,0.7,5.27,13.2
7.9,40.8,902.3,0.0,80.2,0.0,1.0,3.86,0.6
31.0,48.4,894.6,2.2,62.8,0.0,0.7,4.9,3.6
42.3,74.7,893.6,2.2,81.1,0.0,1.0,2.6,3.7
39.9,79.3,897.4,2.2,89.8,0.17,1.0,4.29,4.4
18.4,55.4,896.1,2.2,61.7,0.0,0.7,4.67,2.4
0.5,17.1,899.6,0.4,88.0,0.0,0.3,3.97,0.0
30.6,63.0,895.2,2.2,73.8,0.0,0.85,2.89,4.1
10.2,28.6,903.9,0.0,65.6,0.0,0.3,3.52,1.9
20.9,38.9,891.8,2.2,66.2,0.0,0.85,3.91,1.6
110.6,141.7,902.0,0.0,92.2,0.0,0.85,1.54,11.0
17.8,38.7,893.9,2.2,63.9,0.0,0.7,4.49,4.1
64.1,161.8,889.8,2.2,90.3,0.81,1.0,5.24,11.6
7.3,46.6,898.0,2.0,79.0,0.0,1.0,2.67,0.5
39.1,61.5,896.0,2.2,61.4,0.0,0.7,3.92,6.8
132.0,150.9,892.6,2.2,76.3,0.0,0.85,4.11,15.3
3.8,33.2,890.3,2.2,88.6,0.0,1.0,3.71,0.1
0.3,10.3,897.0,2.2,85.4,0.0,1.0,3.1,0.0
19.9,38.8,900.9,0.0,77.1,0.0,0.7,4.87,2.5
3.4,44.1,899.3,0.7,90.1,0.0,0.7,2.58,1.0
48.3,103.7,897.2,2.2,64.2,0.0,0.85,0.52,9.1
86.1,152.2,898.9,1.1,91.8,0.32,0.5,4.68,18.1
19.9,52.0,896.9,2.2,89.6,0.0,0.85,3.77,3.8
10.5,44.2,891.3,2.2,84.8,0.0,0.7,4.7,3.3
19.9,28.1,891.3,2.2,88.6,0.0,0.5,0.93,3.9
45.0,54.6,896.2,2.2,79.0,0.0,0.7,0.36,9.9
0.3,21.0,896.4,2.2,83.6,0.0,0.85,5.15,0.0
31.2,78.6,900.4,0.0,79.6,0.0,0.7,0.98,5.1
33.3,47.7,900.0,0.0,72.4,0.0,0.85,4.49,2.6
35.5,82.2,899.4,0.6,79.9,0.0,0.85,4.56,5.2
9.7,19.6,895.9,2.2,69.0,0.0,1.0,3.96,1.1
43.8,78.4,891.5,2.2,75.4,0.61,0.85,0.9,8.3
3.4,22.5,898.6,1.4,69.8,0.0,1.0,3.74,1.5
7.8,11.1,899.1,0.9,64.3,0.0,1.0,4.91,1.0
73.5,140.6,889.0,2.2,71.3,0.92,0.85,2.46,13.5
47.0,54.8,893.7,2.2,89.8,0.0,0.5,2.39,8.0
0.5,25.1,894.2,2.2,73.3,0.0,1.0,2.55,0.0
10.0,18.8,897.5,2.2,86.2,0.0,1.0,0.64,1.1
8.4,45.5,893.8,2.2,66.1,0.0,0.85,4.93,1.6
11.1,11.4,896.8,2.2,74.9,0.0,0.7,4.81,1.0
10.0,23.6,896.2,2.2,64.0,0.0,1.0,5.49,0.2
2.3,39.0,896.4,2.2,64.9,0.0,1.0,3.3,0.0
21.5,62.2,894.1,2.2,81.6,0.0,0.85,4.18,3.4
46.2,92.8,894.4,2.2,81.3,0.0,0.7,1.27,6.6
32.7,66.8,892.7,2.2,67.5,0.35,1.0,3.74,4.6
39.1,95.2,898.5,1.5,76.6,0.58,1.0,3.64,4.8
3.0,39.1,899.3,0.7,90.2,0.0,0.7,4.98,1.8
105.9,191.2,893.9,2.2,66.1,1.08,1.0,4.6,14.2
63.8,140.8,903.1,0.0,60.7,1.1,1.0,5.17,10.5
57.2,118.5,895.7,2.2,82.8,0.0,0.85,4.8,8.1
60.6,69.5,903.1,0.0,61.9,0.74,0.3,4.8,14.9
94.5,188.6,894.4,2.2,94.3,0.0,1.0,0.54,11.6
27.5,60.6,889.0,2.2,81.3,0.0,0.85,4.68,3.5
7.8,14.8,898.6,1.4,76.5,0.06,0.85,3.42,3.3
33.6,43.3,898.0,2.0,75.0,0.0,0.5,2.22,5.8
47.5,103.2,897.1,2.2,80.1,0.0,1.0,0.5,5.3
46.9,102.0,894.4,2.2,63.2,0.0,0.85,3.79,5.2
25.8,46.4,896.9,2.2,92.6,0.09,0.7,1.94,4.7
2.5,25.7,895.0,2.2,81.9,0.02,0.3,2.68,1.4
16.2,31.5,895.8,2.2,66.4,0.0,0.7,3.81,3.3
88.7,188.4,900.4,0.0,79.7,0.0,0.85,5.03,10.5
30.7,82.9,897.7,2.2,64.7,0.0,0.85,4.57,2.4
27.1,71.4,899.4,0.6,60.6,0.0,0.85,2.59,2.9
11.0,37.9,896.1,2.2,82.1,0.0,0.85,2.26,1.2
16.1,53.3,895.6,2.2,82.7,0.0,0.7,1.47,2.1
79.0,193.9,892.4,2.2,80.4,0.0,0.7,2.17,13.5
38.4,99.7,895.5,2.2,66.4,0.0,0.85,0.79,4.7
54.2,129.7,889.0,2.2,81.1,0.0,0.7,5.35,9.4
21.2,58.1,894.6,2.2,62.0,0.0,0.5,3.24,4.7
34.8,67.7,896.7,2.2,81.3,0.0,0.5,0.88,7.3
10.0,29.7,899.3,0.7,79.4,0.0,0.7,2.07,1.5
42.8,64.6,895.9,2.2,82.9,0.0,0.85,3.1,6.0
19.5,22.6,898.4,1.6,91.3,0.0,0.85,3.02,2.7
20.5,55.0,889.0,2.2,89.8,0.0,1.0,0.39,3.9
36.7,67.5,896.8,2.2,94.3,0.6,1.0,5.24,6.9
96.4,120.1,890.3,2.2,94.2,0.0,0.85,1.66,14.9
2.3,12.2,892.2,2.2,87.0,0.0,1.0,0.29,0.7
61.0,96.3,896.3,2.2,93.5,0.95,0.85,0.61,15.3
12.1,48.1,902.1,0.0,90.4,0.0,0.85,3.28,2.0
20.5,55.0,898.5,1.5,85.5,0.0,0.85,0.93,2.0
0.8,25.7,897.1,2.2,62.6,0.0,1.0,0.42,0.0
12.5,35.1,896.9,2.2,61.7,0.0,1.0,2.21,1.4
24.4,60.8,894.1,2.2,89.3,0.53,1.0,3.5,6.2
2.0,40.8,894.8,2.2,77.1,0.0,1.0,0.79,0.0
23.6,49.0,898.7,1.3,88.5,0.0,0.3,1.86,9.3
91.7,132.7,891.5,2.2,71.0,0.0,1.0,2.41,7.8
3.9,21.0,899.4,0.6,73.9,0.0,1.0,1.05,0.0
50.6,71.2,895.4,2.2,84.5,0.0,1.0,2.88,6.1
18.4,36.4,900.3,0.0,92.0,0.0,0.85,0.65,2.8
37.3,68.6,900.8,0.0,63.1,0.0,0.7,0.45,4.9
10.5,26.0,890.3,2.2,90.2,0.0,1.0,2.96,0.6
6.1,27.5,894.7,2.2,87.8,0.0,0.5,1.51,2.8
6.1,15.1,893.6,2.2,71.0,0.0,0.7,0.71,2.9
2.6,9.9,889.7,2.2,72.4,0.0,1.0,2.45,0.4
7.2,17.0,892.9,2.2,61.6,0.0,0.85,5.05,0.0
38.2,95.0,906.8,0.0,60.6,0.0,0.85,4.04,0.4
74.7,103.3,899.4,0.6,76.7,1.38,1.0,4.52,14.1
58.9,118.0,904.7,0.0,63.3,0.77,0.7,4.82,11.4
40.4,91.3,900.3,0.0,66.8,0.49,1.0,5.35,5.3
4.1,34.2,894.0,2.2,89.6,0.0,0.85,4.25,0.2
11.9,32.3,895.5,2.2,80.0,0.0,0.85,3.42,0.8
13.0,41.6,899.4,0.6,82.2,0.0,0.85,2.14,1.1
10.1,27.5,898.8,1.2,66.6,0.0,0.5,1.16,1.9
25.3,70.5,894.7,2.2,89.0,0.0,1.0,3.84,3.2
26.8,41.9,891.0,2.2,90.4,0.0,1.0,5.47,3.1
15.5,54.4,910.0,0.0,78.3,0.0,0.85,2.68,0.9
15.3,54.7,896.4,2.2,91.9,0.0,1.0,4.04,0.4
61.7,103.2,895.7,2.2,89.6,0.9,1.0,2.82,12.0
54.5,54.6,897.5,2.2,85.6,0.61,0.85,2.49,11.2
12.9,49.8,896.0,2.2,85.7,0.0,1.0,2.37,2.3
85.8,106.8,897.5,2.2,63.7,0.0,0.85,2.87,7.6
106.9,187.6,902.1,0.0,69.5,0.55,1.0,2.14,11.0
13.8,62.2,896.5,2.2,62.3,0.0,1.0,4.17,0.0
15.3,33.4,892.3,2.2,60.3,0.0,0.85,4.83,1.5
24.7,82.5,896.4,2.2,65.5,0.25,1.0,4.88,3.8
99.1,199.9,895.1,2.2,90.8,1.89,0.3,1.41,38.1
73.2,125.4,902.7,0.0,68.4,0.0,1.0,4.95,6.6
3.8,15.4,901.7,0.0,94.0,0.0,0.7,2.01,2.2
17.5,30.5,897.4,2.2,80.9,0.0,0.7,1.84,3.5
28.2,66.0,891.9,2.2,68.3,0.0,1.0,4.05,1.2
24.5,52.0,892.1,2.2,77.4,0.0,0.7,1.81,4.3
7.5,22.3,897.1,2.2,67.7,0.0,0.7,0.48,2.5
68.5,96.7,898.3,1.7,94.4,0.76,1.0,2.18,10.5
39.5,63.5,895.5,2.2,89.7,0.0,0.3,4.02,9.2
63.7,132.1,895.1,2.2,60.9,0.0,1.0,1.93,6.1
68.5,175.5,894.6,2.2,93.2,1.22,1.0,3.54,12.7
48.3,82.2,896.9,2.2,85.2,0.0,0.7,3.7,7.9
20.2,36.1,889.0,2.2,62.9,0.0,1.0,4.09,0.0
33.0,93.3,892.6,2.2,83.5,0.0,0.7,4.95,5.5
6.1,44.8,894.5,2.2,82.6,0.0,0.5,2.49,2.9
39.2,57.3,901.8,0.0,67.7,0.64,0.3,1.08,11.8
6.9,17.1,893.7,2.2,86.5,0.0,0.85,1.89,0.3
41.4,103.8,897.7,2.2,63.0,0.75,0.3,2.49,17.0
9.1,54.5,897.9,2.1,77.1,0.0,0.85,3.98,1.1
4.4,37.4,902.2,0.0,60.3,0.0,1.0,0.27,0.0
6.3,30.8,902.1,0.0,93.9,0.0,0.85,1.87,2.4
0.1,12.7,896.8,2.2,86.3,0.0,0.85,4.33,0.0
44.4,71.5,895.1,2.2,65.6,0.0,0.85,3.76,5.4
46.1,59.4,894.3,2.2,72.0,0.0,0.85,4.08,4.8
25.3,74.8,896.0,2.2,65.6,0.0,0.85,4.5,2.7
6.2,34.6,895.3,2.2,86.8,0.0,0.85,4.35,-0.0
3.1,44.6,899.2,0.8,62.1,0.0,0.3,3.82,2.9
0.7,11.4,898.7,1.3,89.4,0.0,0.85,2.53,0.0
6.3,11.1,899.4,0.6,93.0,0.0,1.0,5.41,0.4
77.5,93.6,902.0,0.0,83.7,1.7,0.7,3.22,20.2
9.7,40.6,904.5,0.0,67.5,0.06,1.0,1.27,0.6
15.3,45.8,897.5,2.2,72.6,0.0,0.7,1.75,2.9
3.9,16.1,901.4,0.0,76.7,0.0,1.0,3.88,0.2
8.8,27.5,895.6,2.2,81.2,0.0,1.0,5.1,1.2
25.6,57.5,901.7,0.0,83.4,0.0,1.0,1.15,2.6
32.8,49.7,901.2,0.0,79.4,0.0,1.0,0.64,1.0
9.9,55.2,901.0,0.0,72.3,0.0,0.7,4.87,2.4
2.1,21.6,897.4,2.2,91.2,0.0,0.85,5.05,1.8
17.4,49.8,894.3,2.2,62.8,0.22,0.5,1.66,4.6
9.3,38.1,891.4,2.2,76.3,0.0,0.85,2.2,1.7
8.7,49.3,896.8,2.2,87.1,0.0,1.0,3.7,0.7
112.5,103.9,903.1,0.0,62.1,0.0,0.7,1.95,9.6
33.5,71.3,895.8,2.2,84.7,0.44,0.85,4.85,8.6
28.5,71.2,900.1,0.0,88.7,0.0,0.7,0.77,5.0
18.8,41.4,900.4,0.0,83.1,0.0,0.85,0.4,3.7
19.6,27.4,895.9,2.2,60.5,0.0,1.0,1.3,1.8
27.2,62.6,902.3,0.0,66.3,0.0,0.7,1.72,4.4
41.7,96.5,889.0,2.2,72.0,0.0,0.85,0.8,5.8
42.4,72.9,892.1,2.2,68.2,0.0,0.85,0.55,5.7
6.6,53.1,893.3,2.2,93.7,0.0,0.5,4.2,4.4
24.3,48.9,893.7,2.2,82.8,0.0,0.85,1.07,4.1
18.6,48.3,898.3,1.7,70.4,0.0,0.85,5.04,2.9
71.5,196.1,898.2,1.8,92.5,0.0,0.85,2.15,11.5
34.9,48.7,898.6,1.4,85.9,0.24,1.0,3.75,3.2
26.6,60.0,899.4,0.6,70.0,0.0,0.85,1.39,2.2
4.3,16.9,893.2,2.2,73.3,0.0,0.85,1.47,1.6
32.6,41.5,892.1,2.2,67.0,0.0,0.85,3.25,1.4
4.4,20.1,898.6,1.4,94.0,0.0,0.85,3.17,1.1
14.4,49.0,894.5,2.2,78.1,0.0,0.7,4.27,2.9
5.4,8.2,890.7,2.2,91.4,0.0,1.0,4.22,1.4
41.2,104.8,900.9,0.0,72.1,0.9,1.0,3.75,8.5
8.1,33.0,902.6,0.0,90.1,0.0,0.7,2.58,1.2
17.4,73.2,903.2,0.0,61.9,0.0,0.5,4.92,4.8
79.1,98.4,897.7,2.2,94.4,0.23,0.85,3.5,10.8
8.0,36.8,899.5,0.5,91.9,0.0,0.5,5.45,3.6
24.8,52.6,902.5,0.0,72.7,0.0,1.0,4.54,0.0
19.0,46.3,894.4,2.2,87.1,0.0,1.0,0.43,2.8
0.6,38.5,901.4,0.0,86.3,0.0,0.7,1.9,0.0
55.1,138.1,898.1,1.9,91.5,0.33,0.5,3.23,16.2
2.5,6.9,900.7,0.0,70.8,0.0,1.0,4.02,0.5
22.5,67.6,897.7,2.2,76.3,0.0,1.0,3.12,0.3
28.8,48.3,902.2,0.0,90.3,0.0,1.0,4.37,2.1
34.7,82.9,897.9,2.1,87.3,0.0,1.0,1.7,3.9
40.8,69.5,891.1,2.2,73.8,0.0,0.7,1.17,6.9
10.2,25.2,902.8,0.0,89.6,0.0,0.85,0.49,1.2
0.4,18.0,893.2,2.2,61.6,0.0,0.85,3.24,0.0
45.0,115.2,902.0,0.0,87.4,0.0,0.85,3.85,4.6
26.8,31.2,896.6,2.2,67.2,0.0,0.5,1.93,2.9
63.3,125.6,901.7,0.0,70.0,0.0,1.0,3.45,4.5
60.3,91.7,901.5,0.0,77.3,0.0,0.7,0.48,7.5
64.9,143.8,898.7,1.3,75.7,0.22,0.5,0.73,16.5
23.2,66.5,899.0,1.0,78.2,0.0,1.0,3.92,0.1
14.2,45.5,898.7,1.3,79.1,0.0,0.7,2.15,2.9
54.9,65.3,889.0,2.2,71.6,0.61,0.7,3.76,11.2
21.0,43.6,897.5,2.2,66.1,0.0,1.0,4.61,0.0
7.1,25.4,892.5,2.2,86.9,0.0,1.0,4.72,0.1
67.6,138.7,897.7,2.2,74.0,0.81,0.85,1.11,13.0
75.0,126.3,892.4,2.2,77.7,0.0,0.85,2.78,8.7
22.0,44.4,892.3,2.2,82.6,0.0,0.85,4.09,1.9
2.8,9.9,903.4,0.0,91.8,0.0,1.0,4.3,0.6
17.2,53.4,901.3,0.0,84.8,0.0,0.7,4.36,3.5
57.0,113.7,897.0,2.2,61.6,1.0,1.0,1.41,12.3
81.2,186.5,897.7,2.2,89.3,0.0,0.85,1.22,12.9
8.0,18.3,896.0,2.2,94.6,0.0,0.85,3.33,1.5
2.4,25.6,899.3,0.7,76.5,0.0,0.7,4.13,0.6
73.4,90.3,894.3,2.2,93.9,0.5,1.0,1.89,10.1
17.3,36.1,901.0,0.0,79.2,0.0,1.0,0.75,2.1
27.3,61.1,896.0,2.2,76.1,0.0,1.0,4.0,3.5
120.5,194.7,895.3,2.2,71.6,0.0,1.0,1.79,11.9
2.4,42.0,897.1,2.2,83.0,0.0,1.0,1.08,0.4
36.6,113.5,894.6,2.2,68.0,0.0,0.85,0.98,4.9
2.7,17.7,898.3,1.7,63.7,0.0,0.7,1.87,2.0
16.5,17.3,894.9,2.2,61.0,0.0,0.7,3.34,2.4
57.0,121.5,898.9,1.1,70.2,0.0,0.85,2.1,8.6
19.9,53.9,901.9,0.0,73.9,0.0,1.0,0.31,0.2
140.0,166.5,894.1,2.2,79.3,2.0,0.3,0.71,44.2
28.7,36.8,896.5,2.2,70.2,0.0,1.0,1.74,3.2
13.6,59.6,898.8,1.2,94.4,0.0,0.7,3.7,3.2
8.7,22.6,895.3,2.2,70.2,0.0,0.5,0.72,3.7
15.1,58.0,898.9,1.1,75.4,0.0,0.7,3.17,3.7
16.3,66.3,899.2,0.8,63.6,0.0,1.0,0.84,0.3
2.5,12.9,901.3,0.0,69.1,0.0,1.0,1.32,0.0
16.1,56.8,894.6,2.2,61.7,0.0,1.0,1.11,0.6
21.8,39.5,893.2,2.2,79.6,0.19,0.85,0.56,4.2
44.9,123.6,895.8,2.2,86.3,0.0,0.85,3.76,7.2
37.4,43.9,893.1,2.2,66.8,0.0,0.7,2.66,5.7
43.2,73.5,899.3,0.7,72.9,0.0,1.0,4.6,3.3
0.3,2.7,892.4,2.2,60.6,0.0,0.7,0.72,0.0
8.6,41.0,906.3,0.0,89.4,0.0,0.7,0.97,2.6
37.9,58.6,902.2,0.0,87.3,0.47,1.0,1.82,6.5
23.2,45.3,897.1,2.2,62.2,0.0,1.0,4.26,0.0
0.2,9.3,900.5,0.0,72.8,0.0,0.85,1.82,0.0
57.1,142.7,890.5,2.2,93.4,1.05,0.85,2.36,14.9
51.9,100.7,907.1,0.0,73.7,0.0,1.0,1.8,4.4
27.8,63.2,894.6,2.2,78.4,0.0,1.0,0.63,3.8
2.4,13.8,896.5,2.2,72.4,0.0,0.7,5.18,1.2
50.9,148.5,889.6,2.2,80.9,0.0,1.0,3.11,4.2
30.7,67.2,898.9,1.1,94.2,0.0,1.0,4.38,2.8
53.3,66.7,892.6,2.2,94.9,0.0,0.7,3.69,8.9
48.8,104.1,897.4,2.2,87.1,0.0,0.85,2.93,6.7
56.9,77.8,894.8,2.2,74.2,0.78,0.85,0.68,12.9
25.5,37.4,892.7,2.2,77.3,0.0,0.85,3.61,1.4
5.3,28.9,893.8,2.2,72.5,0.0,0.85,1.02,1.0
38.9,88.1,897.9,2.1,94.5,0.0,0.85,2.4,3.8
33.9,99.8,891.9,2.2,84.8,0.0,0.3,3.53,11.4
47.5,67.1,894.0,2.2,75.7,0.0,1.0,4.35,4.0
6.5,13.4,899.7,0.3,60.4,0.0,1.0,3.83,1.1
7.6,43.6,907.4,0.0,78.2,0.15,1.0,3.76,0.4
77.4,166.5,898.9,1.1,94.4,1.15,0.7,0.99,21.7
48.5,80.9,893.3,2.2,78.3,0.0,0.85,2.03,7.7
83.6,119.8,895.5,2.2,66.4,1.67,1.0,0.43,19.4
49.8,99.6,897.1,2.2,60.8,0.0,0.85,4.01,3.8
31.8,46.6,895.6,2.2,72.4,0.0,1.0,5.25,2.7
37.2,114.4,900.6,0.0,92.1,0.0,1.0,1.6,1.9
77.0,165.2,897.9,2.1,94.9,1.15,0.3,0.66,30.8
30.3,53.9,900.6,0.0,93.1,0.0,0.7,2.72,5.5
35.0,39.6,895.7,2.2,85.5,0.0,1.0,4.74,5.0
6.0,33.7,902.3,0.0,79.5,0.0,1.0,3.13,0.0
22.5,82.8,896.3,2.2,80.7,0.0,1.0,0.45,2.2
44.1,64.6,893.1,2.2,78.9,0.89,0.7,5.36,11.0
11.1,34.8,905.7,0.0,84.7,0.0,0.85,4.59,0.9
7.9,48.4,889.7,2.2,74.7,0.0,0.3,0.9,7.0
13.2,42.4,894.0,2.2,83.4,0.0,0.7,5.09,2.2
9.7,28.2,894.5,2.2,64.3,0.0,0.85,2.59,0.9
8.5,32.6,907.0,0.0,69.3,0.0,0.7,2.17,3.4
19.4,68.3,904.2,0.0,89.3,0.0,0.7,2.64,4.7
83.4,177.2,903.0,0.0,91.6,1.29,1.0,4.62,15.6
24.8,79.7,895.7,2.2,78.9,0.0,0.85,3.7,2.8
7.3,23.4,906.7,0.0,61.1,0.0,0.85,0.51,0.3
2.8,6.4,898.5,1.5,92.4,0.0,0.85,5.28,0.0
41.7,101.5,900.9,0.0,84.6,0.0,1.0,0.98,4.0
16.9,35.1,897.7,2.2,74.5,0.0,1.0,4.15,2.6
60.4,129.2,896.8,2.2,80.9,0.66,1.0,3.57,8.8
37.7,89.0,896.0,2.2,75.0,0.0,1.0,1.19,3.6
55.7,85.4,896.2,2.2,76.3,0.0,0.5,1.1,11.0
11.1,58.5,899.4,0.6,91.0,0.0,0.7,4.81,1.6
41.3,126.6,898.5,1.5,65.6,0.0,0.7,2.42,7.2
10.7,44.5,896.9,2.2,63.6,0.0,0.85,3.67,2.4
97.9,151.4,903.0,0.0,60.1,0.0,0.7,2.87,10.1
35.4,58.6,889.0,2.2,71.0,0.72,0.3,4.05,12.3
13.7,51.3,899.0,1.0,65.2,0.0,0.85,2.74,0.6
11.0,26.2,899.9,0.1,67.7,0.0,0.7,1.72,1.5
7.4,36.0,901.6,0.0,60.4,0.0,0.85,2.13,0.5
41.5,113.2,896.7,2.2,68.0,0.0,0.5,4.75,8.9
8.6,27.6,897.8,2.2,71.6,0.0,0.5,2.68,3.3
31.7,65.2,900.9,0.0,61.1,0.6,0.5,1.33,10.3
10.8,38.1,903.0,0.0,81.3,0.0,1.0,5.15,0.0
38.0,67.0,895.8,2.2,79.9,0.0,1.0,4.42,3.0
59.0,157.9,898.1,1.9,63.4,0.48,1.0,0.5,9.2
52.7,93.9,903.7,0.0,80.8,0.0,0.85,5.49,3.8
50.1,60.7,889.0,2.2,95.0,0.0,0.85,3.88,4.8
7.3,28.3,894.2,2.2,93.1,0.0,1.0,1.05,2.2
3.2,38.6,902.9,0.0,60.1,0.0,0.7,1.46,0.6
42.0,80.3,901.4,0.0,87.8,0.0,1.0,3.87,4.6
16.1,61.7,899.1,0.9,72.4,0.0,0.5,4.33,3.7
19.8,49.9,895.2,2.2,62.2,0.0,1.0,1.47,2.4
1.1,11.6,893.5,2.2,70.4,0.0,0.85,1.56,0.0
10.5,49.8,894.6,2.2,71.3,0.0,0.85,1.83,1.7
1.2,38.3,903.2,0.0,78.3,0.0,0.85,3.37,0.0
74.0,163.4,894.5,2.2,83.1,1.55,1.0,1.11,16.4
9.8,15.9,897.4,2.2,86.2,0.0,0.7,0.75,2.4
28.5,76.1,894.0,2.2,68.6,0.0,0.85,3.8,4.2
1.4,36.1,900.4,0.0,71.3,0.0,0.5,4.33,0.0
38.5,94.0,894.8,2.2,70.8,0.0,0.5,2.85,8.0
13.7,55.2,896.6,2.2,72.7,0.0,0.85,2.13,1.6
79.9,186.3,890.3,2.2,95.0,0.0,0.5,2.49,21.1
76.7,187.0,890.5,2.2,87.2,1.19,0.7,2.26,21.8
13.8,40.2,897.0,2.2,94.1,0.0,0.3,5.29,4.4
80.9,122.5,891.7,2.2,84.3,0.0,0.5,4.27,15.9
140.0,250.0,905.4,0.0,74.2,0.0,0.7,1.3,18.5
61.1,138.1,889.0,2.2,73.6,0.0,0.85,2.24,7.2
65.2,78.4,893.8,2.2,77.1,0.0,1.0,3.08,6.5
10.0,32.6,897.1,2.2,74.6,0.0,0.5,3.45,3.3
30.1,61.5,895.5,2.2,89.0,0.46,0.7,2.68,7.8
2.4,9.6,892.6,2.2,76.3,0.0,1.0,4.49,0.0
3.5,14.9,893.2,2.2,70.3,0.0,1.0,4.27,0.0
140.0,125.8,893.0,2.2,87.1,2.0,0.7,2.88,31.2
13.8,31.4,895.9,2.2,89.9,0.0,0.85,4.73,1.5
48.3,95.3,904.8,0.0,74.7,0.0,1.0,4.18,2.5
57.5,56.4,897.3,2.2,83.4,0.59,1.0,4.33,7.4
68.3,87.5,901.7,0.0,62.1,0.49,0.7,5.27,10.4
140.0,250.0,899.0,1.0,78.5,2.0,1.0,1.61,23.3
9.7,43.7,901.5,0.0,61.6,0.0,0.85,1.62,0.0
1.4,8.3,889.0,2.2,61.0,0.0,0.7,4.91,0.0
18.5,57.4,895.8,2.2,81.5,0.0,0.7,4.29,3.5
4.9,42.0,902.2,0.0,70.6,0.0,1.0,5.11,0.1
0.8,10.4,894.7,2.2,86.0,0.0,1.0,0.53,0.0
15.6,28.8,904.0,0.0,91.4,0.0,0.85,3.53,1.4
53.6,102.3,902.9,0.0,64.9,0.0,0.7,0.97,5.5
29.2,63.5,895.1,2.2,85.4,0.0,1.0,2.87,2.0
13.1,45.4,895.0,2.2,78.0,0.0,0.85,1.03,3.5
37.2,80.4,892.9,2.2,63.9,0.0,0.5,0.88,9.8
9.2,32.1,894.5,2.2,82.8,0.0,0.5,0.26,3.9
0.5,23.1,892.1,2.2,81.3,0.0,0.85,3.54,0.0
50.6,114.1,898.7,1.3,78.0,0.0,1.0,2.1,5.2
34.2,47.6,891.2,2.2,92.4,0.31,1.0,0.76,5.2
50.3,79.1,899.4,0.6,78.2,0.0,1.0,1.91,3.9
1.4,15.3,899.5,0.5,94.7,0.0,1.0,1.1,0.0
63.5,136.8,890.4,2.2,77.8,0.0,0.85,5.19,6.7
33.8,62.5,903.2,0.0,64.1,0.0,0.85,1.9,3.5
29.0,52.5,899.1,0.9,76.5,0.0,1.0,1.97,3.3
34.3,92.1,900.0,0.0,66.4,0.76,0.5,4.65,12.2
69.9,128.4,894.0,2.2,80.9,1.4,0.85,3.63,18.7
30.9,85.9,899.5,0.5,84.3,0.46,0.85,3.96,7.0
30.4,44.1,901.5,0.0,76.4,0.0,0.3,3.57,5.2
140.0,133.6,896.6,2.2,63.4,0.71,0.85,5.21,15.4
49.5,94.8,905.0,0.0,76.4,0.0,0.5,1.3,10.3
20.4,38.9,897.2,2.2,62.9,0.3,1.0,5.44,3.3
43.0,127.8,901.6,0.0,83.9,0.54,1.0,4.6,7.2
17.3,39.8,898.2,1.8,87.7,0.0,0.85,3.32,0.0
9.1,22.8,899.3,0.7,93.7,0.0,0.85,3.71,1.5
31.8,79.6,890.3,2.2,65.2,0.0,1.0,3.64,1.9
92.2,156.2,898.5,1.5,78.6,0.96,0.7,0.51,20.3
92.6,128.1,894.1,2.2,79.9,0.0,1.0,1.36,9.7
14.6,56.1,893.6,2.2,92.3,0.0,0.7,5.3,4.6
26.3,83.3,904.0,0.0,82.0,0.0,0.85,3.03,5.8
8.3,48.6,896.1,2.2,65.1,0.0,0.7,2.21,2.8
140.0,160.1,893.0,2.2,75.3,0.39,0.85,4.24,16.2
138.9,232.0,895.6,2.2,82.9,0.0,0.3,2.98,32.6
36.7,97.2,891.8,2.2,84.5,0.0,1.0,0.27,6.3
57.1,72.4,902.7,0.0,90.2,0.0,0.3,4.1,10.0
43.9,76.3,894.2,2.2,66.3,0.28,1.0,4.08,5.6
31.5,83.1,899.1,0.9,93.3,0.0,0.7,1.08,6.5
1.9,41.3,902.4,0.0,62.1,0.0,0.85,5.27,0.0
21.2,68.5,895.0,2.2,94.4,0.0,0.7,1.39,3.5
39.3,95.6,899.1,0.9,90.0,0.43,0.7,2.63,9.3
39.6,89.9,892.9,2.2,83.1,0.0,0.7,0.81,6.7
16.3,49.4,906.8,0.0,85.7,0.0,1.0,3.4,0.7
99.5,226.3,900.7,0.0,62.5,0.0,0.7,2.19,15.0
6.4,26.7,896.2,2.2,61.5,0.0,1.0,2.07,1.7
24.3,47.9,893.9,2.2,63.6,0.16,1.0,4.58,2.9
41.1,86.6,896.5,2.2,63.1,0.67,1.0,0.25,8.6
41.8,75.4,895.6,2.2,79.2,0.0,0.85,4.43,6.6
36.6,99.2,904.8,0.0,67.5,0.0,0.7,3.23,5.4
11.3,37.6,892.1,2.2,90.1,0.0,1.0,5.43,0.0
5.9,29.1,897.5,2.2,75.6,0.0,1.0,3.32,1.2
35.4,114.5,896.9,2.2,84.3,0.0,0.85,0.49,7.3
32.0,90.8,896.5,2.2,82.9,0.0,0.3,0.47,11.6
6.9,14.9,896.6,2.2,71.2,0.0,0.85,4.88,0.9
42.7,56.5,896.5,2.2,68.5,0.82,0.7,4.66,10.7
21.3,59.0,900.5,0.0,72.0,0.0,0.85,2.03,2.7
38.6,64.8,899.4,0.6,87.9,0.0,0.7,3.48,6.1
63.6,141.6,898.7,1.3,80.5,0.66,0.3,2.79,21.2
6.5,30.5,889.0,2.2,68.9,0.0,0.85,5.33,1.6
0.7,23.6,898.2,1.8,88.6,0.0,0.85,5.23,0.0
52.9,120.9,890.4,2.2,61.9,0.0,0.5,5.41,10.7
32.9,61.4,899.6,0.4,84.5,0.0,0.3,4.79,7.7
42.1,63.3,902.9,0.0,75.4,0.0,1.0,5.02,2.8
63.7,128.3,893.3,2.2,85.6,0.51,0.85,1.35,11.1
56.8,97.6,896.0,2.2,92.5,0.0,0.7,4.6,8.5
113.5,221.5,894.6,2.2,86.3,0.42,0.85,3.96,17.3
26.9,54.6,901.9,0.0,75.5,0.0,0.85,5.3,1.5
23.5,63.6,897.4,2.2,65.3,0.0,0.7,3.23,3.6
18.0,29.6,903.9,0.0,88.2,0.0,1.0,0.65,3.8
5.8,16.3,898.7,1.3,76.1,0.0,1.0,3.37,0.0
29.8,73.9,898.0,2.0,62.6,0.0,0.3,3.84,8.2
11.4,54.7,897.3,2.2,85.2,0.0,0.85,1.37,1.4
89.0,185.0,900.3,0.0,70.2,1.6,0.5,2.29,26.7
30.6,62.6,890.0,2.2,61.7,0.0,0.7,3.37,3.8
31.4,72.5,897.3,2.2,91.6,0.0,0.7,2.18,5.8
15.3,21.9,896.7,2.2,76.9,0.0,0.7,2.19,1.5
1.9,40.2,899.9,0.1,69.8,0.0,1.0,0.91,0.0
1.1,26.3,896.2,2.2,85.1,0.0,0.85,5.19,0.0
19.3,29.1,892.8,2.2,91.0,0.0,0.85,4.18,1.4
3.1,16.4,897.0,2.2,60.0,0.0,0.85,0.21,1.5
32.7,37.5,892.7,2.2,84.1,0.0,1.0,4.26,2.0
74.5,94.0,889.3,2.2,86.8,0.0,1.0,4.12,5.4
75.1,74.3,899.9,0.1,67.3,1.03,1.0,0.25,10.9
37.7,103.6,899.3,0.7,77.1,0.0,0.85,2.16,6.8
8.3,20.0,898.9,1.1,63.1,0.0,0.3,3.42,0.5
69.6,141.8,902.2,0.0,86.1,0.9,0.3,2.6,21.9
76.0,181.5,894.3,2.2,89.7,0.44,1.0,4.32,10.6
7.7,21.8,891.3,2.2,63.8,0.0,1.0,2.45,-0.0
46.8,79.6,896.7,2.2,88.6,0.0,1.0,1.02,6.2
